Date;Time;ElapsedTime;Longitude;Latitude;Altitude;Distance;HeartRate;Speed;Cadence
2017-10-06;06:06:22;0;20,484050;38,154973;37,8;0,9;97,0;0,1;0,0
2017-10-06;06:06:23;1;20,484046;38,154983;37,8;2,0;98,0;0,0;118,0
2017-10-06;06:06:26;4;20,484030;38,155011;37,6;5,3;98,0;4,6;118,0
2017-10-06;06:06:34;12;20,483910;38,155122;37,0;22,2;99,0;7,8;158,0
2017-10-06;06:06:39;17;20,483786;38,155078;35,4;34,2;102,0;7,7;164,0
2017-10-06;06:06:45;23;20,483649;38,154991;33,4;49,5;113,0;8,5;158,0
2017-10-06;06:06:55;33;20,483457;38,154878;30,8;70,6;114,0;8,1;162,0
2017-10-06;06:07:03;41;20,483294;38,154823;29,0;86,2;116,0;7,5;170,0
2017-10-06;06:07:11;49;20,483122;38,154958;29,2;107,7;114,0;8,2;162,0
2017-10-06;06:07:12;50;20,483101;38,154976;29,4;110,4;120,0;8,3;162,0
2017-10-06;06:07:13;51;20,483082;38,154994;29,4;113,0;119,0;8,4;162,0
2017-10-06;06:07:20;58;20,482938;38,155124;29,8;132,1;116,0;8,9;164,0
2017-10-06;06:07:21;59;20,482920;38,155145;29,8;134,9;116,0;8,9;164,0
2017-10-06;06:07:26;64;20,482829;38,155243;29,8;148,4;121,0;9,2;164,0
2017-10-06;06:07:27;65;20,482813;38,155262;29,8;151,0;121,0;9,2;164,0
2017-10-06;06:07:29;67;20,482777;38,155300;29,8;156,1;131,0;9,2;164,0
2017-10-06;06:07:30;68;20,482758;38,155319;29,8;158,8;136,0;9,2;164,0
2017-10-06;06:07:31;69;20,482740;38,155338;29,8;161,4;136,0;9,3;164,0
2017-10-06;06:07:38;76;20,482600;38,155485;29,8;181,9;137,0;9,5;168,0
2017-10-06;06:07:40;78;20,482565;38,155528;29,8;187,6;141,0;9,5;166,0
2017-10-06;06:07:42;80;20,482534;38,155573;29,6;193,3;137,0;9,6;166,0
2017-10-06;06:07:48;86;20,482434;38,155705;29,0;210,3;133,0;9,7;168,0
2017-10-06;06:07:55;93;20,482328;38,155859;28,4;229,9;139,0;9,8;166,0
2017-10-06;06:07:56;94;20,482308;38,155881;28,2;232,9;138,0;9,8;166,0
2017-10-06;06:07:58;96;20,482272;38,155927;28,0;238,9;141,0;9,8;164,0
2017-10-06;06:08:04;102;20,482164;38,156058;27,6;256,2;148,0;9,9;166,0
2017-10-06;06:08:05;103;20,482149;38,156080;27,8;258,9;152,0;10,0;166,0
2017-10-06;06:08:06;104;20,482130;38,156102;27,8;261,9;152,0;10,0;166,0
2017-10-06;06:08:07;105;20,482111;38,156123;27,8;264,7;155,0;10,0;166,0
2017-10-06;06:08:08;106;20,482094;38,156144;27,8;267,5;152,0;10,0;166,0
2017-10-06;06:08:09;107;20,482077;38,156166;28,0;270,4;149,0;10,0;166,0
2017-10-06;06:08:11;109;20,482043;38,156210;28,0;276,1;146,0;10,0;166,0
2017-10-06;06:08:17;115;20,481944;38,156330;28,2;292,0;143,0;10,0;168,0
2017-10-06;06:08:21;119;20,481895;38,156418;28,6;302,7;140,0;10,0;166,0
2017-10-06;06:08:29;127;20,481769;38,156576;28,4;323,4;138,0;10,0;168,0
2017-10-06;06:08:35;133;20,481698;38,156710;28,4;339,6;142,0;9,9;168,0
2017-10-06;06:08:40;138;20,481642;38,156827;28,4;353,5;147,0;9,9;168,0
2017-10-06;06:08:48;146;20,481622;38,157016;28,4;374,8;146,0;9,9;168,0
2017-10-06;06:08:49;147;20,481630;38,157043;28,4;377,7;149,0;9,9;168,0
2017-10-06;06:08:51;149;20,481639;38,157088;28,6;382,8;146,0;9,9;166,0
2017-10-06;06:08:58;156;20,481753;38,157274;29,6;405,4;146,0;9,9;164,0
2017-10-06;06:09:01;159;20,481810;38,157344;30,2;414,6;143,0;10,0;166,0
2017-10-06;06:09:04;162;20,481868;38,157410;30,6;423,5;147,0;10,0;164,0
2017-10-06;06:09:05;163;20,481886;38,157431;30,8;426,3;150,0;10,0;166,0
2017-10-06;06:09:07;165;20,481928;38,157474;31,2;432,3;155,0;10,1;166,0
2017-10-06;06:09:08;166;20,481947;38,157495;31,4;435,2;158,0;10,1;166,0
2017-10-06;06:09:16;174;20,482081;38,157671;32,2;457,9;158,0;10,1;166,0
2017-10-06;06:09:20;178;20,482136;38,157760;32,0;468,9;161,0;10,1;166,0
2017-10-06;06:09:28;186;20,482231;38,157940;31,8;490,6;162,0;10,1;168,0
2017-10-06;06:09:35;193;20,482334;38,158109;31,8;511,4;163,0;10,1;166,0
2017-10-06;06:09:43;201;20,482378;38,158310;31,2;534,0;165,0;10,2;166,0
2017-10-06;06:09:45;203;20,482386;38,158361;31,0;539,8;162,0;10,2;166,0
2017-10-06;06:09:46;204;20,482391;38,158388;30,8;542,8;159,0;10,2;166,0
2017-10-06;06:09:47;205;20,482395;38,158412;30,8;545,5;155,0;10,2;166,0
2017-10-06;06:09:48;206;20,482398;38,158437;30,8;548,3;156,0;10,2;166,0
2017-10-06;06:09:51;209;20,482392;38,158516;30,8;556,8;160,0;10,2;164,0
2017-10-06;06:09:59;217;20,482405;38,158720;31,0;579,5;161,0;10,2;168,0
2017-10-06;06:10:06;224;20,482469;38,158873;31,4;597,8;155,0;10,1;168,0
2017-10-06;06:10:07;225;20,482503;38,158886;31,8;601,1;155,0;10,1;166,0
2017-10-06;06:10:08;226;20,482539;38,158896;32,0;604,4;151,0;10,1;164,0
2017-10-06;06:10:10;228;20,482609;38,158914;32,8;610,9;147,0;10,2;164,0
2017-10-06;06:10:18;236;20,482851;38,158982;34,6;633,5;145,0;10,2;166,0
2017-10-06;06:10:26;244;20,483081;38,159053;37,0;655,1;145,0;10,2;168,0
2017-10-06;06:10:32;250;20,483250;38,159074;39,6;670,1;148,0;10,1;168,0
2017-10-06;06:10:42;260;20,483434;38,158946;42,4;692,5;150,0;9,9;168,0
2017-10-06;06:10:48;266;20,483542;38,158852;43,8;706,6;150,0;9,6;170,0
2017-10-06;06:10:58;276;20,483715;38,158952;46,6;726,5;153,0;8,8;170,0
2017-10-06;06:11:07;285;20,483876;38,159078;49,2;746,6;155,0;8,7;168,0
2017-10-06;06:11:18;296;20,484116;38,159120;52,8;768,3;156,0;8,2;170,0
2017-10-06;06:11:27;305;20,484331;38,159225;56,0;790,5;157,0;8,4;168,0
2017-10-06;06:11:36;314;20,484519;38,159329;58,6;810,7;158,0;8,4;168,0
2017-10-06;06:11:45;323;20,484703;38,159451;60,8;831,8;160,0;8,4;168,0
2017-10-06;06:11:55;333;20,484887;38,159575;63,0;852,9;161,0;8,4;170,0
2017-10-06;06:12:04;342;20,485077;38,159677;65,6;873,0;161,0;8,3;168,0
2017-10-06;06:12:13;351;20,485280;38,159771;68,4;893,7;162,0;8,3;168,0
2017-10-06;06:12:26;364;20,485436;38,159666;71,6;914,5;162,0;4,5;172,0
2017-10-06;06:12:34;372;20,485441;38,159566;72,2;925,6;159,0;4,3;84,0
2017-10-06;06:12:47;385;20,485533;38,159517;74,4;941,9;157,0;4,1;118,0
2017-10-06;06:12:53;391;20,485568;38,159581;74,6;949,6;154,0;4,3;126,0
2017-10-06;06:13:04;402;20,485657;38,159704;75,8;965,3;151,0;4,6;124,0
2017-10-06;06:13:12;410;20,485788;38,159758;78,4;978,2;148,0;4,8;128,0
2017-10-06;06:13:23;421;20,486010;38,159853;82,6;1000,4;147,0;5,9;164,0
2017-10-06;06:13:29;427;20,486166;38,159927;85,4;1016,4;150,0;8,4;168,0
2017-10-06;06:13:38;436;20,486297;38,160090;87,4;1038,7;153,0;8,9;172,0
2017-10-06;06:13:47;445;20,486263;38,160289;87,2;1061,3;155,0;9,1;172,0
2017-10-06;06:13:55;453;20,486178;38,160474;86,0;1083,2;156,0;9,3;174,0
2017-10-06;06:14:03;461;20,486173;38,160661;86,6;1104,1;158,0;9,4;174,0
2017-10-06;06:14:14;472;20,486217;38,160813;88,0;1121,4;155,0;8,0;126,0
2017-10-06;06:14:21;479;20,486250;38,160905;89,0;1132,1;152,0;5,4;124,0
2017-10-06;06:14:35;493;20,486438;38,160993;92,8;1154,3;150,0;5,5;126,0
2017-10-06;06:14:48;506;20,486583;38,160857;94,0;1174,6;148,0;5,5;126,0
2017-10-06;06:14:56;514;20,486734;38,160741;95,6;1195,8;149,0;9,7;170,0
2017-10-06;06:14:57;515;20,486787;38,160725;96,2;1198,2;150,0;9,6;170,0
2017-10-06;06:15:00;518;20,486854;38,160738;97,2;1204,3;151,0;8,9;170,0
2017-10-06;06:15:05;523;20,486920;38,160798;98,2;1213,1;154,0;8,8;172,0
2017-10-06;06:15:10;528;20,486996;38,160879;99,6;1224,3;157,0;8,9;172,0
2017-10-06;06:15:24;542;20,487116;38,161044;102,4;1245,5;157,0;5,3;126,0
2017-10-06;06:15:35;553;20,487183;38,161141;104,0;1257,8;154,0;4,6;126,0
2017-10-06;06:15:49;567;20,487297;38,161305;106,4;1278,6;152,0;4,8;124,0
2017-10-06;06:16:02;580;20,487452;38,161430;108,8;1298,1;149,0;4,8;126,0
2017-10-06;06:16:15;593;20,487643;38,161529;111,0;1318,3;148,0;5,1;128,0
2017-10-06;06:16:23;601;20,487870;38,161591;113,6;1339,4;149,0;9,2;168,0
2017-10-06;06:16:28;606;20,488031;38,161645;115,6;1354,7;152,0;11,2;172,0
2017-10-06;06:16:32;610;20,488162;38,161684;116,0;1367,0;155,0;11,2;174,0
2017-10-06;06:16:36;614;20,488287;38,161697;116,4;1378,2;158,0;11,2;176,0
2017-10-06;06:16:41;619;20,488438;38,161713;116,8;1391,8;161,0;10,9;180,0
2017-10-06;06:16:45;623;20,488528;38,161779;117,2;1402,6;164,0;10,8;178,0
2017-10-06;06:16:57;635;20,488673;38,161927;117,4;1423,3;165,0;5,7;176,0
2017-10-06;06:17:08;646;20,488755;38,162035;117,6;1437,4;162,0;4,8;122,0
2017-10-06;06:17:14;652;20,488836;38,162077;117,6;1447,4;159,0;4,4;124,0
2017-10-06;06:17:22;660;20,488967;38,162143;115,2;1459,3;156,0;4,6;122,0
2017-10-06;06:17:27;665;20,489044;38,162173;114,0;1466,9;153,0;4,8;122,0
2017-10-06;06:17:30;668;20,489089;38,162186;113,2;1471,1;150,0;4,9;126,0
2017-10-06;06:17:34;672;20,489156;38,162199;112,0;1477,1;147,0;4,9;126,0
2017-10-06;06:17:38;676;20,489220;38,162216;111,0;1483,0;144,0;5,0;124,0
2017-10-06;06:17:42;680;20,489304;38,162235;109,6;1490,7;141,0;5,0;122,0
2017-10-06;06:17:51;689;20,489502;38,162349;107,2;1512,7;140,0;7,8;158,0
2017-10-06;06:18:00;698;20,489594;38,162514;104,6;1532,7;138,0;8,2;156,0
2017-10-06;06:18:10;708;20,489775;38,162602;101,6;1554,6;136,0;7,9;160,0
2017-10-06;06:18:18;716;20,489911;38,162427;101,6;1577,5;136,0;8,6;158,0
2017-10-06;06:18:25;723;20,490061;38,162257;101,6;1600,5;135,0;9,3;164,0
2017-10-06;06:18:32;730;20,490216;38,162102;100,6;1622,4;136,0;9,9;166,0
2017-10-06;06:18:39;737;20,490365;38,161960;99,4;1642,9;138,0;10,1;166,0
2017-10-06;06:18:46;744;20,490485;38,161806;99,0;1662,9;138,0;10,1;168,0
2017-10-06;06:18:53;751;20,490586;38,161638;99,6;1683,6;139,0;10,2;168,0
2017-10-06;06:19:00;758;20,490695;38,161474;100,2;1704,1;140,0;10,3;168,0
2017-10-06;06:19:07;765;20,490802;38,161305;100,8;1725,1;142,0;10,4;168,0
2017-10-06;06:19:15;773;20,490901;38,161133;99,4;1746,1;144,0;10,3;166,0
2017-10-06;06:19:22;780;20,491042;38,160991;96,2;1766,2;144,0;10,2;166,0
2017-10-06;06:19:29;787;20,491212;38,160855;93,2;1787,6;144,0;10,3;166,0
2017-10-06;06:19:35;793;20,491331;38,160698;91,6;1807,8;143,0;10,5;166,0
2017-10-06;06:19:42;800;20,491394;38,160510;92,8;1829,4;143,0;10,6;166,0
2017-10-06;06:19:49;807;20,491464;38,160332;93,8;1850,2;144,0;10,7;168,0
2017-10-06;06:19:57;815;20,491564;38,160158;92,8;1871,3;144,0;10,4;166,0
2017-10-06;06:20:05;823;20,491695;38,159984;92,2;1893,9;144,0;10,3;162,0
2017-10-06;06:20:12;830;20,491793;38,159806;93,2;1915,5;145,0;10,4;166,0
2017-10-06;06:20:19;837;20,491913;38,159636;92,6;1936,9;146,0;10,5;168,0
2017-10-06;06:20:26;844;20,491951;38,159443;94,2;1958,9;147,0;10,6;162,0
2017-10-06;06:20:33;851;20,492018;38,159272;94,8;1979,1;147,0;10,7;166,0
2017-10-06;06:20:40;858;20,492118;38,159093;95,2;2000,8;147,0;10,7;166,0
2017-10-06;06:20:48;866;20,492279;38,158942;95,4;2022,9;146,0;10,7;168,0
2017-10-06;06:20:56;874;20,492379;38,158753;97,2;2045,7;148,0;10,6;170,0
2017-10-06;06:21:05;883;20,492535;38,158604;97,2;2067,7;150,0;10,3;170,0
2017-10-06;06:21:11;889;20,492621;38,158493;97,8;2082,3;153,0;10,1;170,0
2017-10-06;06:21:15;893;20,492630;38,158414;99,0;2091,1;156,0;9,9;164,0
2017-10-06;06:21:21;899;20,492661;38,158292;100,0;2105,1;159,0;9,6;166,0
2017-10-06;06:21:29;907;20,492793;38,158144;99,8;2125,2;160,0;9,4;164,0
2017-10-06;06:21:34;912;20,492874;38,158046;99,8;2138,2;163,0;9,2;166,0
2017-10-06;06:21:42;920;20,493035;38,157889;99,4;2160,6;162,0;9,5;162,0
2017-10-06;06:21:49;927;20,493203;38,157751;98,4;2181,9;162,0;9,7;162,0
2017-10-06;06:21:56;934;20,493361;38,157617;97,4;2202,3;161,0;9,9;160,0
2017-10-06;06:22:03;941;20,493520;38,157471;96,2;2223,6;159,0;10,1;166,0
2017-10-06;06:22:10;948;20,493656;38,157322;95,2;2244,1;157,0;10,2;162,0
2017-10-06;06:22:18;956;20,493801;38,157179;93,4;2264,6;155,0;10,0;158,0
2017-10-06;06:22:23;961;20,493898;38,157084;92,4;2278,2;152,0;9,9;160,0
2017-10-06;06:22:31;969;20,494106;38,156976;90,0;2300,1;150,0;9,9;160,0
2017-10-06;06:22:39;977;20,494292;38,156845;87,8;2322,0;148,0;9,9;158,0
2017-10-06;06:22:46;984;20,494476;38,156715;86,4;2343,7;146,0;10,1;160,0
2017-10-06;06:22:52;990;20,494650;38,156598;85,2;2363,7;146,0;10,3;164,0
2017-10-06;06:22:59;997;20,494806;38,156435;85,0;2386,5;143,0;10,6;166,0
2017-10-06;06:23:07;1005;20,494937;38,156263;85,4;2408,8;145,0;10,4;170,0
2017-10-06;06:23:14;1012;20,495057;38,156104;86,0;2429,3;147,0;10,4;168,0
2017-10-06;06:23:21;1019;20,495154;38,155960;87,0;2447,4;150,0;10,2;168,0
2017-10-06;06:23:30;1028;20,495302;38,155796;87,6;2469,8;152,0;9,9;166,0
2017-10-06;06:23:40;1038;20,495487;38,155671;86,2;2491,2;153,0;9,3;156,0
2017-10-06;06:23:49;1047;20,495682;38,155542;85,2;2513,6;151,0;8,9;156,0
2017-10-06;06:23:58;1056;20,495897;38,155430;83,6;2536,2;149,0;8,9;160,0
2017-10-06;06:24:05;1063;20,496085;38,155307;83,0;2557,7;147,0;9,5;164,0
2017-10-06;06:24:13;1071;20,496261;38,155159;83,2;2580,1;147,0;9,8;164,0
2017-10-06;06:24:21;1079;20,496386;38,155007;84,0;2600,6;147,0;9,7;166,0
2017-10-06;06:24:28;1086;20,496452;38,154873;85,6;2616,6;150,0;9,5;168,0
2017-10-06;06:24:31;1089;20,496498;38,154817;85,8;2624,0;153,0;9,4;168,0
2017-10-06;06:24:37;1095;20,496623;38,154710;85,8;2640,1;156,0;9,4;164,0
2017-10-06;06:24:45;1103;20,496800;38,154565;85,4;2662,4;157,0;9,5;164,0
2017-10-06;06:24:52;1110;20,496954;38,154430;85,0;2682,6;158,0;9,6;166,0
2017-10-06;06:24:59;1117;20,497116;38,154291;84,6;2703,5;158,0;9,8;166,0
2017-10-06;06:25:06;1124;20,497284;38,154152;85,0;2724,9;159,0;9,9;168,0
2017-10-06;06:25:14;1132;20,497470;38,154019;85,2;2746,9;159,0;10,0;168,0
2017-10-06;06:25:23;1141;20,497665;38,153905;84,6;2768,4;157,0;9,8;162,0
2017-10-06;06:25:31;1149;20,497858;38,153774;83,0;2790,7;156,0;9,7;162,0
2017-10-06;06:25:38;1156;20,498031;38,153641;82,0;2811,8;154,0;9,9;162,0
2017-10-06;06:25:45;1163;20,498206;38,153521;81,4;2832,1;152,0;10,0;162,0
2017-10-06;06:25:53;1171;20,498391;38,153383;81,2;2854,5;150,0;10,0;160,0
2017-10-06;06:26:01;1179;20,498575;38,153239;81,2;2877,3;149,0;10,0;164,0
2017-10-06;06:26:09;1187;20,498764;38,153095;78,8;2900,3;148,0;10,1;164,0
2017-10-06;06:26:16;1194;20,498946;38,152968;77,0;2921,5;148,0;10,2;164,0
2017-10-06;06:26:23;1201;20,499147;38,152844;75,4;2943,9;148,0;10,3;164,0
2017-10-06;06:26:30;1208;20,499332;38,152724;74,8;2964,9;146,0;10,4;164,0
2017-10-06;06:26:37;1215;20,499507;38,152606;74,2;2985,0;146,0;10,4;160,0
2017-10-06;06:26:43;1221;20,499651;38,152510;74,2;3001,6;144,0;10,4;158,0
2017-10-06;06:26:51;1229;20,499807;38,152420;73,2;3018,6;141,0;10,1;158,0
2017-10-06;06:26:56;1234;20,499847;38,152408;72,8;3022,3;138,0;3,7;118,0
2017-10-06;06:27:01;1239;20,499849;38,152405;72,8;3022,9;135,0;1,1;0,0
2017-10-06;06:27:13;1251;20,499936;38,152425;71,0;3032,5;132,0;0,8;0,0
2017-10-06;06:27:21;1259;20,500090;38,152577;65,6;3054,2;129,0;9,9;160,0
2017-10-06;06:27:29;1267;20,500261;38,152731;60,6;3076,9;127,0;10,2;164,0
2017-10-06;06:27:37;1275;20,500489;38,152799;56,0;3098,6;126,0;9,9;162,0
2017-10-06;06:27:44;1282;20,500678;38,152698;55,2;3118,9;127,0;10,1;162,0
2017-10-06;06:27:49;1287;20,500801;38,152663;54,2;3130,6;126,0;10,1;162,0
2017-10-06;06:27:51;1289;20,500815;38,152690;53,8;3134,0;126,0;9,9;160,0
2017-10-06;06:27:59;1297;20,500709;38,152869;53,2;3156,3;127,0;10,0;172,0
2017-10-06;06:28:06;1304;20,500560;38,153032;52,4;3178,6;128,0;10,4;164,0
2017-10-06;06:28:14;1312;20,500469;38,153195;51,6;3198,6;127,0;10,0;158,0
2017-10-06;06:28:21;1319;20,500583;38,153352;48,4;3219,0;128,0;9,8;168,0
2017-10-06;06:28:28;1326;20,500703;38,153506;46,2;3239,0;129,0;9,9;162,0
2017-10-06;06:28:36;1334;20,500820;38,153673;44,8;3260,5;128,0;9,9;160,0
2017-10-06;06:28:44;1342;20,500779;38,153863;44,2;3281,9;130,0;10,0;164,0
2017-10-06;06:28:50;1348;20,500739;38,154048;43,2;3302,8;131,0;10,3;164,0
2017-10-06;06:28:57;1355;20,500713;38,154282;42,0;3328,8;133,0;10,7;166,0
2017-10-06;06:29:05;1363;20,500710;38,154478;41,2;3350,6;134,0;11,0;166,0
2017-10-06;06:29:12;1370;20,500824;38,154655;40,2;3372,8;136,0;11,0;166,0
2017-10-06;06:29:18;1376;20,500884;38,154830;39,6;3392,9;138,0;10,9;166,0
2017-10-06;06:29:27;1385;20,500946;38,155022;38,8;3414,9;140,0;10,6;166,0
2017-10-06;06:29:34;1392;20,501031;38,155190;38,0;3435,1;141,0;10,6;164,0
2017-10-06;06:29:41;1399;20,501199;38,155312;36,4;3455,3;141,0;10,5;158,0
2017-10-06;06:29:48;1406;20,501426;38,155328;34,8;3476,1;141,0;10,5;162,0
2017-10-06;06:29:55;1413;20,501636;38,155251;33,6;3496,6;140,0;10,5;160,0
2017-10-06;06:30:02;1420;20,501854;38,155315;32,2;3517,8;139,0;10,6;160,0
2017-10-06;06:30:10;1428;20,501976;38,155490;30,8;3540,0;142,0;10,6;166,0
2017-10-06;06:30:18;1436;20,502130;38,155653;29,2;3562,6;140,0;10,5;160,0
2017-10-06;06:30:25;1443;20,502295;38,155782;28,0;3582,9;138,0;10,4;160,0
2017-10-06;06:30:32;1450;20,502456;38,155924;26,6;3604,1;139,0;10,5;164,0
2017-10-06;06:30:39;1457;20,502619;38,156061;25,6;3625,0;137,0;10,6;162,0
2017-10-06;06:30:46;1464;20,502806;38,156179;24,4;3646,0;136,0;10,6;164,0
2017-10-06;06:30:53;1471;20,503008;38,156291;23,2;3667,6;135,0;10,7;164,0
2017-10-06;06:31:00;1478;20,503205;38,156394;21,4;3688,3;136,0;10,8;162,0
2017-10-06;06:31:07;1485;20,503417;38,156483;19,8;3709,4;135,0;10,8;164,0
2017-10-06;06:31:14;1492;20,503589;38,156601;18,2;3729,4;135,0;10,8;164,0
2017-10-06;06:31:16;1494;20,503637;38,156627;17,8;3734,5;136,0;10,7;164,0
2017-10-06;06:31:23;1501;20,503805;38,156511;18,0;3755,4;136,0;10,7;168,0
2017-10-06;06:31:30;1508;20,503925;38,156349;19,0;3776,3;138,0;10,8;168,0
2017-10-06;06:31:38;1516;20,504058;38,156176;20,0;3798,9;140,0;10,6;168,0
2017-10-06;06:31:46;1524;20,504204;38,156016;20,0;3820,8;141,0;10,4;170,0
2017-10-06;06:31:53;1531;20,504335;38,155863;19,8;3841,3;142,0;10,4;168,0
2017-10-06;06:31:59;1537;20,504443;38,155722;19,6;3859,6;145,0;10,5;170,0
2017-10-06;06:32:06;1544;20,504545;38,155544;19,8;3881,4;147,0;10,9;170,0
2017-10-06;06:32:13;1551;20,504618;38,155365;20,2;3902,3;149,0;10,9;170,0
2017-10-06;06:32:20;1558;20,504720;38,155194;20,6;3923,2;150,0;11,1;170,0
2017-10-06;06:32:27;1565;20,504833;38,155028;20,4;3944,2;151,0;11,0;170,0
2017-10-06;06:32:34;1572;20,504952;38,154858;20,2;3965,7;151,0;11,0;170,0
2017-10-06;06:32:41;1579;20,505089;38,154689;20,0;3988,0;153,0;11,1;170,0
2017-10-06;06:32:45;1583;20,505171;38,154597;20,2;4000,5;153,0;11,1;170,0
2017-10-06;06:32:52;1590;20,505335;38,154457;20,6;4021,7;154,0;11,0;172,0
2017-10-06;06:32:59;1597;20,505522;38,154334;20,8;4043,0;154,0;11,0;170,0
2017-10-06;06:33:06;1604;20,505706;38,154198;20,8;4065,1;155,0;11,1;172,0
2017-10-06;06:33:13;1611;20,505860;38,154039;21,0;4087,3;155,0;11,2;170,0
2017-10-06;06:33:20;1618;20,506026;38,153905;20,8;4108,1;155,0;11,2;170,0
2017-10-06;06:33:27;1625;20,506205;38,153789;19,8;4128,5;156,0;11,1;170,0
2017-10-06;06:33:34;1632;20,506342;38,153641;19,0;4149,0;157,0;11,0;170,0
2017-10-06;06:33:42;1640;20,506487;38,153474;18,6;4171,6;156,0;10,9;168,0
2017-10-06;06:33:50;1648;20,506676;38,153332;18,0;4194,5;155,0;10,7;168,0
2017-10-06;06:33:57;1655;20,506855;38,153202;17,8;4215,7;154,0;10,7;168,0
2017-10-06;06:34:04;1662;20,507028;38,153076;16,8;4236,4;154,0;10,8;168,0
2017-10-06;06:34:11;1669;20,507184;38,152933;16,0;4257,4;153,0;10,7;168,0
2017-10-06;06:34:18;1676;20,507314;38,152777;15,6;4278,1;153,0;10,8;170,0
2017-10-06;06:34:25;1683;20,507473;38,152626;15,6;4299,9;152,0;10,8;170,0
2017-10-06;06:34:32;1690;20,507618;38,152463;16,6;4322,1;152,0;10,9;172,0
2017-10-06;06:34:39;1697;20,507708;38,152290;17,6;4342,9;152,0;10,9;170,0
2017-10-06;06:34:47;1705;20,507868;38,152142;18,6;4364,5;152,0;10,7;170,0
2017-10-06;06:34:55;1713;20,508013;38,151996;19,4;4385,0;152,0;10,4;170,0
2017-10-06;06:35:03;1721;20,508086;38,151958;19,6;4392,7;149,0;3,2;110,0
2017-10-06;06:35:06;1724;20,508098;38,151952;19,6;4394,0;147,0;3,3;0,0
2017-10-06;06:35:11;1729;20,508093;38,151948;19,6;4394,0;144,0;0,0;0,0
2017-10-06;06:35:16;1734;20,508093;38,151948;19,6;4394,1;141,0;0,0;0,0
2017-10-06;06:35:20;1738;20,508093;38,151948;19,6;4394,2;138,0;0,0;0,0
2017-10-06;06:35:27;1745;20,508089;38,151948;19,6;4394,6;135,0;0,0;0,0
2017-10-06;06:35:30;1748;20,508090;38,151948;19,6;4394,7;132,0;0,0;0,0
2017-10-06;06:35:33;1751;20,508089;38,151948;19,6;4394,8;129,0;0,0;0,0
2017-10-06;06:35:37;1755;20,508086;38,151949;19,6;4395,0;126,0;0,0;0,0
2017-10-06;06:35:43;1761;20,508083;38,151949;19,6;4395,2;123,0;0,0;0,0
2017-10-06;06:35:46;1764;20,508083;38,151949;19,6;4395,3;120,0;0,0;0,0
2017-10-06;06:35:51;1769;20,508084;38,151949;19,6;4395,4;117,0;0,0;0,0
2017-10-06;06:35:57;1775;20,508083;38,151950;19,6;4395,5;114,0;0,0;0,0
2017-10-06;06:36:08;1786;20,508081;38,151948;19,6;4395,9;111,0;0,0;0,0
2017-10-06;06:36:16;1794;20,508082;38,151948;19,6;4396,1;108,0;0,0;0,0
2017-10-06;06:36:21;1799;20,508082;38,151948;19,6;4396,1;105,0;0,0;0,0
2017-10-06;06:36:47;1825;20,508081;38,151931;19,8;4398,5;108,0;0,0;118,0
2017-10-06;06:36:52;1830;20,508133;38,151874;20,0;4406,4;111,0;0,4;0,0
2017-10-06;06:36:58;1836;20,508282;38,151754;20,0;4425,0;114,0;10,6;166,0
2017-10-06;06:37:01;1839;20,508348;38,151680;20,0;4435,1;117,0;11,3;170,0
2017-10-06;06:37:05;1843;20,508417;38,151576;20,0;4448,1;120,0;11,2;170,0
2017-10-06;06:37:09;1847;20,508490;38,151476;20,0;4460,9;123,0;11,3;170,0
2017-10-06;06:37:13;1851;20,508564;38,151369;20,0;4474,4;127,0;11,4;170,0
2017-10-06;06:37:17;1855;20,508643;38,151271;20,0;4487,2;131,0;11,6;172,0
2017-10-06;06:37:20;1858;20,508709;38,151206;19,8;4496,5;134,0;11,6;170,0
2017-10-06;06:37:24;1862;20,508802;38,151123;19,6;4508,9;137,0;11,4;172,0
2017-10-06;06:37:29;1867;20,508934;38,151017;19,6;4525,4;140,0;11,4;172,0
2017-10-06;06:37:34;1872;20,509066;38,150928;19,8;4540,5;143,0;11,4;170,0
2017-10-06;06:37:41;1879;20,509257;38,150810;20,2;4561,8;146,0;11,4;172,0
2017-10-06;06:37:48;1886;20,509433;38,150673;20,4;4583,5;147,0;11,3;172,0
2017-10-06;06:37:55;1893;20,509572;38,150507;20,4;4605,4;149,0;11,3;170,0
2017-10-06;06:38:02;1900;20,509692;38,150343;20,4;4626,4;150,0;11,2;172,0
2017-10-06;06:38:09;1907;20,509786;38,150172;20,6;4647,1;150,0;11,2;172,0
2017-10-06;06:38:17;1915;20,509935;38,150010;21,0;4669,4;151,0;10,8;172,0
2017-10-06;06:38:24;1922;20,510047;38,149921;21,4;4683,3;150,0;9,2;168,0
2017-10-06;06:38:31;1929;20,510050;38,149902;21,6;4686,1;147,0;0,0;0,0
2017-10-06;06:38:37;1935;20,510042;38,149900;21,6;4686,8;144,0;0,0;0,0
2017-10-06;06:38:41;1939;20,510042;38,149900;21,6;4686,8;141,0;0,0;0,0
2017-10-06;06:38:46;1944;20,510040;38,149899;21,6;4686,9;138,0;0,0;0,0
2017-10-06;06:38:50;1948;20,510040;38,149899;21,6;4687,0;135,0;0,0;0,0
2017-10-06;06:38:54;1952;20,510036;38,149897;21,6;4687,3;132,0;0,0;0,0
2017-10-06;06:38:58;1956;20,510036;38,149896;21,6;4687,4;129,0;0,0;0,0
2017-10-06;06:39:07;1965;20,510011;38,149843;22,0;4694,0;126,0;0,0;112,0
2017-10-06;06:39:08;1966;20,510009;38,149833;22,2;4695,2;126,0;3,8;112,0
2017-10-06;06:39:13;1971;20,510008;38,149782;22,6;4700,9;123,0;4,8;114,0
2017-10-06;06:39:16;1974;20,510005;38,149740;22,8;4705,5;120,0;5,1;132,0
2017-10-06;06:39:24;1982;20,509973;38,149582;24,0;4723,3;124,0;7,3;166,0
2017-10-06;06:39:29;1987;20,509958;38,149462;24,8;4736,7;127,0;9,3;170,0
2017-10-06;06:39:32;1990;20,509944;38,149390;25,4;4744,8;130,0;9,4;170,0
2017-10-06;06:39:37;1995;20,509911;38,149262;26,2;4759,3;134,0;9,8;172,0
2017-10-06;06:39:41;1999;20,509894;38,149230;26,4;4763,2;135,0;9,1;0,0
2017-10-06;06:40:04;2022;20,509888;38,149231;26,4;4764,7;132,0;0,0;0,0
2017-10-06;06:40:11;2029;20,509894;38,149251;26,4;4767,1;129,0;0,1;0,0
2017-10-06;06:40:22;2040;20,509678;38,149160;27,6;4789,0;131,0;10,3;172,0
2017-10-06;06:40:30;2048;20,509524;38,149107;28,4;4805,5;133,0;8,2;170,0
2017-10-06;06:40:39;2057;20,509740;38,149168;27,2;4825,5;135,0;8,5;158,0
2017-10-06;06:40:47;2065;20,509909;38,149283;26,0;4846,8;133,0;9,3;162,0
2017-10-06;06:40:55;2073;20,509927;38,149486;24,8;4869,4;133,0;9,7;162,0
2017-10-06;06:41:02;2080;20,509963;38,149666;23,4;4889,7;132,0;9,9;164,0
2017-10-06;06:41:09;2087;20,510003;38,149847;22,0;4910,0;131,0;10,2;160,0
2017-10-06;06:41:11;2089;20,510021;38,149887;21,8;4914,8;131,0;10,2;160,0
2017-10-06;06:41:19;2097;20,510245;38,149898;21,2;4935,2;129,0;10,0;162,0
2017-10-06;06:41:22;2100;20,510272;38,149912;21,0;4938,1;128,0;4,9;162,0
2017-10-06;06:41:27;2105;20,510341;38,149930;20,6;4944,4;125,0;5,2;106,0
2017-10-06;06:41:31;2109;20,510366;38,149939;20,6;4946,9;123,0;4,3;114,0
2017-10-06;06:41:38;2116;20,510345;38,149938;20,6;4948,3;120,0;1,9;0,0
2017-10-06;06:41:43;2121;20,510345;38,149937;20,6;4948,5;117,0;0,1;0,0
2017-10-06;06:41:56;2134;20,510341;38,149946;20,6;4949,6;114,0;0,1;0,0
2017-10-06;06:42:03;2141;20,510341;38,149947;20,6;4950,0;110,0;0,1;0,0
2017-10-06;06:42:08;2146;20,510341;38,149944;20,6;4950,3;107,0;0,1;0,0
2017-10-06;06:42:16;2154;20,510340;38,149946;20,6;4950,4;104,0;0,1;0,0
2017-10-06;06:43:43;2241;20,510340;38,149946;20,6;4951,1;101,0;0,1;0,0
2017-10-06;06:43:52;2250;20,510340;38,149946;20,6;4951,2;98,0;0,1;0,0
2017-10-06;06:44:04;2262;20,510353;38,149951;20,4;4952,5;101,0;0,1;118,0
2017-10-06;06:44:19;2277;20,510500;38,150085;19,2;4972,8;102,0;4,9;118,0
2017-10-06;06:44:32;2290;20,510476;38,150272;18,8;4994,0;102,0;5,3;124,0
2017-10-06;06:44:37;2295;20,510450;38,150336;18,8;5001,5;103,0;5,4;128,0
2017-10-06;06:44:50;2308;20,510494;38,150516;18,6;5021,8;105,0;5,5;124,0
2017-10-06;06:45:03;2321;20,510602;38,150673;18,0;5041,8;104,0;5,6;128,0
2017-10-06;06:45:15;2333;20,510715;38,150829;17,6;5061,9;105,0;5,8;126,0
2017-10-06;06:45:25;2343;20,510898;38,150852;17,2;5078,6;108,0;5,8;128,0
2017-10-06;06:45:28;2346;20,510996;38,150833;17,0;5087,4;111,0;6,0;128,0
2017-10-06;06:45:31;2349;20,511107;38,150810;16,8;5097,5;114,0;7,3;164,0
2017-10-06;06:45:33;2351;20,511175;38,150808;16,6;5103,4;117,0;9,5;166,0
2017-10-06;06:45:34;2352;20,511227;38,150827;16,4;5108,5;118,0;9,9;168,0
2017-10-06;06:45:38;2356;20,511297;38,150887;16,2;5117,5;121,0;10,0;168,0
2017-10-06;06:45:41;2359;20,511361;38,150950;16,0;5126,5;124,0;10,1;168,0
2017-10-06;06:45:46;2364;20,511474;38,151061;15,6;5142,3;127,0;10,4;166,0
2017-10-06;06:45:53;2371;20,511648;38,151204;15,0;5164,3;129,0;11,1;170,0
2017-10-06;06:45:58;2376;20,511766;38,151316;14,6;5180,5;132,0;11,1;168,0
2017-10-06;06:46:05;2383;20,511945;38,151454;14,2;5202,4;134,0;11,2;168,0
2017-10-06;06:46:18;2396;20,512167;38,151443;14,2;5224,0;131,0;6,4;124,0
2017-10-06;06:46:25;2403;20,512271;38,151376;14,6;5235,9;128,0;6,2;126,0
2017-10-06;06:46:35;2413;20,512435;38,151249;15,2;5256,0;128,0;6,8;154,0
2017-10-06;06:46:40;2418;20,512478;38,151230;15,4;5260,4;127,0;5,3;0,0
2017-10-06;06:46:44;2422;20,512480;38,151228;15,4;5260,6;124,0;0,2;0,0
2017-10-06;06:46:50;2428;20,512479;38,151228;15,4;5260,6;121,0;0,2;0,0
2017-10-06;06:46:57;2435;20,512497;38,151228;15,4;5262,3;118,0;0,3;118,0
2017-10-06;06:47:01;2439;20,512532;38,151222;15,4;5265,3;118,0;3,6;118,0
2017-10-06;06:47:04;2442;20,512553;38,151214;15,4;5267,4;115,0;3,9;118,0
2017-10-06;06:47:07;2445;20,512572;38,151207;15,4;5269,2;111,0;3,3;0,0
2017-10-06;06:47:11;2449;20,512576;38,151207;15,4;5269,6;107,0;0,3;0,0
2017-10-06;06:47:14;2452;20,512576;38,151209;15,4;5269,9;104,0;0,2;0,0
2017-10-06;06:47:19;2457;20,512576;38,151209;15,4;5269,9;101,0;0,2;0,0
2017-10-06;06:47:26;2464;20,512602;38,151208;15,4;5272,3;104,0;0,2;118,0
2017-10-06;06:47:29;2467;20,512649;38,151199;15,4;5276,6;107,0;0,3;118,0
2017-10-06;06:47:35;2473;20,512740;38,151179;15,4;5284,8;104,0;5,0;118,0
2017-10-06;06:47:47;2485;20,512912;38,151123;15,6;5301,1;101,0;4,9;118,0
2017-10-06;06:48:04;2502;20,513144;38,151121;15,4;5321,8;100,0;4,5;108,0
2017-10-06;06:48:21;2519;20,513275;38,151193;15,0;5337,1;101,0;4,0;0,0
2017-10-06;06:48:29;2527;20,513334;38,151194;15,0;5342,3;103,0;3,6;118,0
2017-10-06;06:48:40;2538;20,513424;38,151204;14,8;5350,3;100,0;3,0;0,0
2017-10-06;06:48:50;2548;20,513425;38,151202;14,8;5351,1;103,0;2,3;0,0
2017-10-06;06:49:10;2568;20,513416;38,151204;14,8;5352,5;100,0;0,0;0,0
2017-10-06;06:49:33;2591;20,513433;38,151220;14,8;5356,4;97,0;0,0;0,0
2017-10-06;06:49:41;2599;20,513369;38,151238;14,8;5362,6;101,0;0,2;118,0
2017-10-06;06:49:42;2600;20,513345;38,151241;14,8;5364,7;102,0;4,0;118,0
2017-10-06;06:49:46;2604;20,513220;38,151204;15,2;5376,5;106,0;9,9;162,0
2017-10-06;06:49:48;2606;20,513162;38,151168;15,2;5383,0;109,0;10,1;160,0
2017-10-06;06:49:50;2608;20,513104;38,151128;15,4;5389,7;113,0;10,3;158,0
2017-10-06;06:49:53;2611;20,513011;38,151081;15,6;5399,4;116,0;10,4;162,0
2017-10-06;06:49:55;2613;20,512941;38,151085;15,6;5405,5;119,0;10,1;164,0
2017-10-06;06:49:59;2617;20,512809;38,151125;15,6;5417,9;123,0;10,5;164,0
2017-10-06;06:50:03;2621;20,512673;38,151153;15,4;5430,2;126,0;10,6;164,0
2017-10-06;06:50:10;2628;20,512445;38,151198;15,4;5450,8;128,0;10,6;166,0
2017-10-06;06:50:14;2632;20,512362;38,151234;15,2;5459,2;131,0;8,3;156,0
2017-10-06;06:50:19;2637;20,512240;38,151341;14,6;5475,2;134,0;11,1;164,0
2017-10-06;06:50:26;2644;20,512047;38,151454;14,2;5496,3;136,0;10,8;168,0
2017-10-06;06:50:29;2647;20,511970;38,151468;14,2;5503,2;136,0;10,3;164,0
2017-10-06;06:50:37;2655;20,511777;38,151337;14,6;5525,7;137,0;9,9;170,0
2017-10-06;06:50:44;2662;20,511618;38,151201;15,0;5546,3;139,0;10,6;170,0
2017-10-06;06:50:51;2669;20,511445;38,151069;15,6;5567,4;142,0;10,3;170,0
2017-10-06;06:50:58;2676;20,511283;38,150920;16,2;5589,2;144,0;10,6;172,0
2017-10-06;06:51:02;2680;20,511184;38,150837;16,4;5601,8;147,0;10,7;170,0
2017-10-06;06:51:08;2686;20,511000;38,150819;17,0;5619,2;151,0;10,8;170,0
2017-10-06;06:51:15;2693;20,510770;38,150834;17,4;5639,8;151,0;10,6;170,0
2017-10-06;06:51:23;2701;20,510605;38,150682;18,0;5662,5;152,0;10,5;170,0
2017-10-06;06:51:30;2708;20,510490;38,150520;18,6;5683,1;154,0;10,6;174,0
2017-10-06;06:51:37;2715;20,510447;38,150340;18,8;5703,6;155,0;10,6;170,0
2017-10-06;06:51:44;2722;20,510473;38,150157;19,0;5724,0;155,0;10,6;172,0
2017-10-06;06:51:46;2724;20,510461;38,150106;19,2;5729,8;159,0;10,6;172,0
2017-10-06;06:51:53;2731;20,510345;38,149949;20,6;5750,1;156,0;10,6;170,0
2017-10-06;06:52:00;2738;20,510120;38,149905;21,4;5770,9;157,0;10,5;168,0
2017-10-06;06:52:07;2745;20,509907;38,149987;21,4;5792,3;157,0;10,8;170,0
2017-10-06;06:52:08;2746;20,509856;38,150025;21,2;5798,5;160,0;10,9;170,0
2017-10-06;06:52:16;2754;20,509693;38,150171;20,8;5820,0;158,0;10,9;170,0
2017-10-06;06:52:23;2761;20,509625;38,150351;20,6;5841,1;157,0;10,9;170,0
2017-10-06;06:52:30;2768;20,509500;38,150525;20,6;5863,4;157,0;10,9;170,0
2017-10-06;06:52:37;2775;20,509360;38,150686;20,6;5885,0;156,0;11,0;170,0
2017-10-06;06:52:44;2782;20,509214;38,150828;20,0;5905,6;157,0;10,9;170,0
2017-10-06;06:52:51;2789;20,509038;38,150957;19,8;5926,6;156,0;11,0;170,0
2017-10-06;06:52:58;2796;20,508852;38,151083;19,6;5948,0;156,0;11,0;170,0
2017-10-06;06:53:05;2803;20,508688;38,151227;19,8;5969,7;155,0;11,0;170,0
2017-10-06;06:53:12;2810;20,508537;38,151387;20,0;5991,8;154,0;11,0;170,0
2017-10-06;06:53:15;2813;20,508481;38,151465;20,0;6001,7;154,0;11,1;170,0
2017-10-06;06:53:22;2820;20,508367;38,151639;20,0;6023,4;154,0;10,9;170,0
2017-10-06;06:53:29;2827;20,508230;38,151802;20,0;6045,2;153,0;11,0;170,0
2017-10-06;06:53:37;2835;20,508067;38,151952;19,6;6067,0;152,0;10,8;166,0
2017-10-06;06:53:45;2843;20,508095;38,152148;18,2;6089,4;151,0;10,7;164,0
2017-10-06;06:53:51;2849;20,508134;38,152291;17,2;6105,7;148,0;10,4;164,0
2017-10-06;06:53:58;2856;20,508165;38,152498;15,6;6128,8;147,0;10,7;166,0
2017-10-06;06:54:05;2863;20,508178;38,152703;14,4;6151,6;146,0;11,1;168,0
2017-10-06;06:54:12;2870;20,508165;38,152903;14,0;6173,8;145,0;11,3;168,0
2017-10-06;06:54:19;2877;20,508154;38,153110;13,8;6200,1;145,0;11,4;170,0
2017-10-06;06:54:27;2885;20,508097;38,153335;13,8;6225,5;145,0;11,5;170,0
2017-10-06;06:54:35;2893;20,507987;38,153549;14,0;6248,1;145,0;11,6;168,0
2017-10-06;06:54:38;2896;20,507987;38,153632;14,0;6257,5;149,0;11,6;170,0
2017-10-06;06:54:45;2903;20,508100;38,153797;13,6;6278,3;148,0;11,4;170,0
2017-10-06;06:54:52;2910;20,508203;38,153965;13,0;6299,0;149,0;11,2;170,0
2017-10-06;06:54:59;2917;20,508285;38,154138;12,6;6319,6;148,0;11,0;168,0
2017-10-06;06:55:07;2925;20,508355;38,154331;12,4;6341,9;147,0;10,7;168,0
2017-10-06;06:55:13;2931;20,508373;38,154423;12,2;6352,2;144,0;9,6;168,0
2017-10-06;06:55:22;2940;20,508311;38,154613;12,4;6374,1;142,0;10,7;168,0
2017-10-06;06:55:29;2947;20,508203;38,154786;12,2;6395,5;142,0;11,2;168,0
2017-10-06;06:55:37;2955;20,508115;38,154964;12,0;6417,8;141,0;10,5;164,0
2017-10-06;06:55:43;2961;20,508281;38,155094;11,4;6438,5;143,0;10,7;166,0
2017-10-06;06:55:50;2968;20,508480;38,155209;10,8;6460,2;142,0;10,8;168,0
2017-10-06;06:55:57;2975;20,508626;38,155355;10,2;6480,8;142,0;10,9;168,0
2017-10-06;06:56:05;2983;20,508666;38,155553;9,8;6503,3;142,0;10,6;168,0
2017-10-06;06:56:12;2990;20,508670;38,155746;9,6;6524,7;143,0;10,7;168,0
2017-10-06;06:56:19;2997;20,508724;38,155922;9,2;6544,8;143,0;10,7;170,0
2017-10-06;06:56:26;3004;20,508795;38,156107;8,6;6566,3;142,0;10,7;170,0
2017-10-06;06:56:27;3005;20,508804;38,156128;8,6;6568,8;146,0;10,7;170,0
2017-10-06;06:56:32;3010;20,508837;38,156257;8,2;6583,3;143,0;10,7;170,0
2017-10-06;06:56:39;3017;20,508845;38,156481;7,8;6608,2;143,0;10,7;170,0
2017-10-06;06:56:46;3024;20,508836;38,156673;7,2;6629,7;145,0;10,8;170,0
2017-10-06;06:56:54;3032;20,508893;38,156867;7,2;6651,9;146,0;10,9;170,0
2017-10-06;06:57:01;3039;20,509000;38,157044;7,4;6673,7;146,0;10,8;170,0
2017-10-06;06:57:09;3047;20,509059;38,157231;7,6;6695,6;147,0;10,6;168,0
2017-10-06;06:57:17;3055;20,508960;38,157421;7,8;6718,7;147,0;10,7;170,0
2017-10-06;06:57:24;3062;20,508801;38,157609;8,0;6743,8;147,0;10,8;168,0
2017-10-06;06:57:31;3069;20,508647;38,157756;7,4;6765,0;148,0;10,9;170,0
2017-10-06;06:57:39;3077;20,508676;38,157950;7,0;6788,8;148,0;10,8;168,0
2017-10-06;06:57:46;3084;20,508863;38,158068;6,8;6809,7;149,0;10,9;168,0
2017-10-06;06:57:53;3091;20,509087;38,158186;6,0;6833,5;150,0;11,0;170,0
2017-10-06;06:58:01;3099;20,509233;38,158336;5,4;6854,5;150,0;10,9;168,0
2017-10-06;06:58:10;3108;20,509390;38,158481;4,6;6875,7;148,0;10,5;168,0
2017-10-06;06:58:19;3117;20,509549;38,158613;4,0;6896,0;146,0;6,5;118,0
2017-10-06;06:58:24;3122;20,509606;38,158645;4,0;6902,0;143,0;4,8;118,0
2017-10-06;06:58:29;3127;20,509649;38,158676;3,8;6907,2;140,0;4,3;122,0
2017-10-06;06:58:34;3132;20,509739;38,158692;3,8;6915,6;138,0;5,2;240,0
2017-10-06;06:58:41;3139;20,509911;38,158572;3,8;6935,7;138,0;10,7;168,0
2017-10-06;06:58:48;3146;20,510125;38,158413;4,2;6961,4;139,0;10,7;170,0
2017-10-06;06:58:56;3154;20,510307;38,158267;4,8;6984,2;140,0;11,1;170,0
2017-10-06;06:59:01;3159;20,510430;38,158168;5,0;7002,5;142,0;11,1;170,0
2017-10-06;06:59:08;3166;20,510633;38,157998;5,8;7025,5;145,0;11,3;170,0
2017-10-06;06:59:15;3173;20,510795;38,157861;6,2;7046,3;146,0;11,3;170,0
2017-10-06;06:59:23;3181;20,510964;38,157728;5,8;7067,2;147,0;11,1;170,0
2017-10-06;06:59:30;3188;20,511156;38,157595;5,4;7089,6;147,0;10,9;170,0
2017-10-06;06:59:38;3196;20,511313;38,157461;5,2;7109,9;149,0;10,8;170,0
2017-10-06;06:59:45;3203;20,511471;38,157316;5,4;7131,1;150,0;10,8;172,0
2017-10-06;06:59:51;3209;20,511639;38,157177;5,6;7152,4;151,0;10,9;172,0
2017-10-06;07:00:00;3218;20,511834;38,157013;5,8;7177,3;152,0;10,7;170,0
2017-10-06;07:00:09;3227;20,512023;38,156846;6,0;7202,2;153,0;10,5;170,0
2017-10-06;07:00:18;3236;20,512211;38,156674;6,2;7227,5;154,0;10,5;170,0
2017-10-06;07:00:26;3244;20,512365;38,156529;6,6;7248,4;155,0;10,5;170,0
2017-10-06;07:00:33;3251;20,512539;38,156363;7,0;7272,4;155,0;10,5;170,0
2017-10-06;07:00:36;3254;20,512600;38,156302;7,2;7281,0;158,0;10,5;170,0
2017-10-06;07:00:43;3261;20,512757;38,156146;7,6;7303,1;155,0;10,6;170,0
2017-10-06;07:00:51;3269;20,512932;38,155980;8,0;7327,1;156,0;10,6;172,0
2017-10-06;07:00:58;3276;20,513076;38,155838;8,0;7347,2;156,0;10,6;170,0
2017-10-06;07:01:05;3283;20,513219;38,155723;8,0;7368,4;156,0;10,6;172,0
2017-10-06;07:01:12;3290;20,513412;38,155556;8,0;7390,3;157,0;10,7;174,0
2017-10-06;07:01:19;3297;20,513592;38,155419;8,4;7412,1;158,0;10,8;172,0
2017-10-06;07:01:27;3305;20,513801;38,155276;8,8;7436,3;159,0;10,9;172,0
2017-10-06;07:01:35;3313;20,513986;38,155169;9,0;7456,5;158,0;10,8;170,0
2017-10-06;07:01:41;3319;20,514172;38,155060;9,0;7476,8;158,0;10,7;168,0
2017-10-06;07:01:49;3327;20,514326;38,154903;9,2;7499,0;157,0;10,6;166,0
2017-10-06;07:02:03;3341;20,514406;38,154723;9,6;7520,2;154,0;4,6;118,0
2017-10-06;07:02:10;3348;20,514481;38,154681;9,8;7528,7;151,0;4,7;118,0
2017-10-06;07:02:16;3354;20,514641;38,154679;10,0;7542,6;148,0;7,9;164,0
2017-10-06;07:02:22;3360;20,514891;38,154631;9,8;7565,6;147,0;11,1;170,0
2017-10-06;07:02:30;3368;20,515093;38,154509;10,2;7587,9;148,0;11,1;170,0
2017-10-06;07:02:37;3375;20,515298;38,154379;10,6;7610,9;148,0;11,2;170,0
2017-10-06;07:02:43;3381;20,515499;38,154265;11,0;7632,6;149,0;11,3;172,0
2017-10-06;07:02:51;3389;20,515698;38,154149;11,2;7654,2;150,0;11,2;170,0
2017-10-06;07:02:58;3396;20,515896;38,154030;11,2;7676,0;151,0;11,2;172,0
2017-10-06;07:03:05;3403;20,516082;38,153913;11,6;7696,8;152,0;11,1;170,0
2017-10-06;07:03:11;3409;20,516271;38,153800;12,0;7717,6;153,0;10,9;172,0
2017-10-06;07:03:19;3417;20,516455;38,153685;12,0;7738,1;153,0;10,9;170,0
2017-10-06;07:03:25;3423;20,516643;38,153570;11,6;7759,0;154,0;10,8;170,0
2017-10-06;07:03:33;3431;20,516828;38,153450;11,2;7780,0;155,0;10,8;170,0
2017-10-06;07:03:39;3437;20,517029;38,153318;10,6;7802,9;155,0;10,9;170,0
2017-10-06;07:03:47;3445;20,517210;38,153189;10,6;7824,2;156,0;10,9;170,0
2017-10-06;07:03:54;3452;20,517381;38,153056;10,6;7845,3;157,0;10,9;170,0
2017-10-06;07:04:01;3459;20,517581;38,152894;10,8;7870,3;158,0;11,0;172,0
2017-10-06;07:04:09;3467;20,517748;38,152751;11,0;7891,9;159,0;11,0;170,0
2017-10-06;07:04:16;3474;20,517911;38,152606;11,2;7913,4;159,0;11,0;170,0
2017-10-06;07:04:23;3481;20,518077;38,152464;11,4;7937,6;160,0;11,0;172,0
2017-10-06;07:04:30;3488;20,518276;38,152319;11,6;7958,6;159,0;10,9;172,0
2017-10-06;07:04:38;3496;20,518475;38,152173;12,0;7982,3;160,0;10,9;170,0
2017-10-06;07:04:46;3504;20,518649;38,152060;11,8;8002,1;160,0;10,8;170,0
2017-10-06;07:04:53;3511;20,518849;38,151941;11,8;8024,0;159,0;10,6;170,0
2017-10-06;07:05:02;3520;20,519092;38,151811;12,2;8049,7;158,0;10,4;170,0
2017-10-06;07:05:09;3527;20,519299;38,151708;12,8;8071,2;159,0;10,5;170,0
2017-10-06;07:05:16;3534;20,519510;38,151593;13,2;8093,6;159,0;10,7;170,0
2017-10-06;07:05:24;3542;20,519716;38,151488;14,0;8115,0;160,0;10,8;172,0
2017-10-06;07:05:31;3549;20,519920;38,151382;14,2;8136,5;161,0;10,8;170,0
2017-10-06;07:05:37;3555;20,520121;38,151281;14,6;8157,4;161,0;10,8;170,0
2017-10-06;07:05:44;3562;20,520331;38,151171;15,4;8179,4;161,0;10,9;170,0
2017-10-06;07:05:51;3569;20,520528;38,151075;16,2;8199,7;161,0;10,9;170,0
2017-10-06;07:06:00;3578;20,520758;38,150960;16,8;8223,6;160,0;10,5;168,0
2017-10-06;07:06:07;3585;20,520944;38,150855;17,0;8243,6;160,0;10,5;170,0
2017-10-06;07:06:14;3592;20,521141;38,150761;17,0;8263,8;158,0;10,5;172,0
2017-10-06;07:06:22;3600;20,521362;38,150652;17,8;8286,7;158,0;10,4;172,0
2017-10-06;07:06:30;3608;20,521576;38,150542;18,2;8309,0;159,0;10,3;170,0
2017-10-06;07:06:38;3616;20,521792;38,150442;18,8;8330,9;160,0;10,2;170,0
2017-10-06;07:06:47;3625;20,522005;38,150345;19,2;8352,5;160,0;10,1;168,0
2017-10-06;07:06:54;3632;20,522060;38,150148;19,8;8375,3;161,0;10,0;164,0
2017-10-06;07:07:01;3639;20,521944;38,149987;20,2;8396,4;161,0;10,1;170,0
2017-10-06;07:07:09;3647;20,521774;38,149856;20,4;8417,2;161,0;10,2;170,0
2017-10-06;07:07:14;3652;20,521762;38,149779;20,6;8425,9;161,0;10,0;170,0
2017-10-06;07:07:17;3655;20,521761;38,149769;20,8;8427,0;160,0;3,7;0,0
2017-10-06;07:07:25;3663;20,521764;38,149751;20,8;8428,6;157,0;0,0;0,0
2017-10-06;07:07:35;3673;20,521739;38,149769;20,8;8431,3;154,0;0,0;0,0
2017-10-06;07:07:40;3678;20,521715;38,149765;20,6;8433,6;151,0;0,0;0,0
2017-10-06;07:07:44;3682;20,521728;38,149761;20,8;8433,8;148,0;0,0;0,0
2017-10-06;07:07:49;3687;20,521728;38,149767;20,6;8434,6;145,0;0,0;0,0
2017-10-06;07:07:51;3689;20,521728;38,149769;20,6;8434,8;142,0;0,0;0,0
2017-10-06;07:07:54;3692;20,521725;38,149763;20,8;8435,8;139,0;0,0;0,0
2017-10-06;07:07:55;3693;20,521721;38,149761;20,8;8436,1;138,0;0,1;118,0
2017-10-06;07:16:17;4195;20,521870;38,149927;20,2;8436,1;90,0;0,0;0,0
2017-10-06;07:16:19;4197;20,521779;38,149881;20,4;8436,1;98,0;0,0;0,0
2017-10-06;07:16:20;4198;20,521735;38,149879;20,4;8436,7;99,0;7,4;0,0
2017-10-06;07:16:31;4209;20,521803;38,150011;20,0;8453,7;102,0;5,4;128,0
2017-10-06;07:16:43;4221;20,521987;38,150114;19,8;8473,8;104,0;6,2;128,0
2017-10-06;07:16:45;4223;20,522008;38,150125;19,8;8476,1;106,0;6,1;128,0
2017-10-06;07:16:58;4236;20,521941;38,150301;19,2;8497,0;107,0;6,0;130,0
2017-10-06;07:17:10;4248;20,521740;38,150403;18,8;8518,0;106,0;6,0;130,0
2017-10-06;07:17:22;4260;20,521528;38,150499;18,2;8539,5;107,0;6,2;128,0
2017-10-06;07:17:34;4272;20,521340;38,150609;17,8;8559,9;107,0;6,4;130,0
2017-10-06;07:17:46;4284;20,521141;38,150710;17,0;8580,8;105,0;6,4;130,0
2017-10-06;07:17:58;4296;20,520948;38,150822;17,0;8601,7;106,0;6,4;130,0
2017-10-06;07:18:05;4303;20,520839;38,150882;17,0;8613,4;109,0;6,4;130,0
2017-10-06;07:18:18;4316;20,520646;38,150986;16,8;8633,8;109,0;6,3;128,0
2017-10-06;07:18:21;4319;20,520642;38,150985;16,8;8634,1;109,0;5,9;0,0
2017-10-06;07:18:25;4323;20,520624;38,150993;16,6;8635,9;106,0;0,0;118,0
2017-10-06;07:18:37;4335;20,520428;38,151087;16,0;8656,0;108,0;5,8;128,0
2017-10-06;07:18:44;4342;20,520307;38,151145;15,6;8668,4;105,0;5,8;128,0
2017-10-06;07:18:56;4354;20,520111;38,151246;14,8;8688,9;104,0;5,9;126,0
2017-10-06;07:19:05;4363;20,519966;38,151313;14,4;8703,5;107,0;5,8;126,0
2017-10-06;07:19:18;4376;20,519761;38,151397;14,2;8723,8;108,0;6,0;132,0
2017-10-06;07:19:31;4389;20,519574;38,151506;13,8;8744,2;106,0;5,8;130,0
2017-10-06;07:19:40;4398;20,519423;38,151592;13,2;8760,5;109,0;6,0;128,0
2017-10-06;07:19:48;4406;20,519218;38,151700;12,6;8782,2;111,0;8,1;166,0
2017-10-06;07:19:52;4410;20,519114;38,151752;12,4;8793,0;115,0;9,6;166,0
2017-10-06;07:19:53;4411;20,519088;38,151766;12,4;8795,7;122,0;9,7;166,0
2017-10-06;07:19:54;4412;20,519064;38,151779;12,2;8798,2;122,0;9,7;166,0
2017-10-06;07:19:59;4417;20,518935;38,151844;12,0;8811,6;125,0;9,8;170,0
2017-10-06;07:20:07;4425;20,518731;38,151956;12,0;8833,4;124,0;10,0;168,0
2017-10-06;07:20:11;4429;20,518630;38,152016;12,0;8844,5;127,0;10,0;168,0
2017-10-06;07:20:16;4434;20,518513;38,152084;12,0;8857,3;130,0;10,0;168,0
2017-10-06;07:20:19;4437;20,518447;38,152131;12,0;8865,0;133,0;9,9;170,0
2017-10-06;07:20:26;4444;20,518306;38,152206;12,0;8880,2;135,0;9,7;168,0
2017-10-06;07:20:30;4448;20,518274;38,152203;12,0;8883,4;135,0;5,2;0,0
2017-10-06;07:20:45;4463;20,518186;38,152321;11,6;8900,8;140,0;9,3;164,0
2017-10-06;07:20:52;4470;20,518022;38,152460;11,4;8921,8;140,0;10,6;168,0
2017-10-06;07:20:59;4477;20,517852;38,152591;11,2;8942,7;143,0;10,7;168,0
2017-10-06;07:21:01;4479;20,517808;38,152629;11,2;8948,5;140,0;10,7;168,0
2017-10-06;07:21:08;4486;20,517644;38,152761;11,0;8969,0;140,0;10,6;170,0
2017-10-06;07:21:10;4488;20,517596;38,152800;11,0;8975,0;143,0;10,6;170,0
2017-10-06;07:21:14;4492;20,517501;38,152877;11,0;8986,9;146,0;10,6;170,0
2017-10-06;07:21:19;4497;20,517377;38,152971;10,8;9002,0;148,0;10,7;170,0
2017-10-06;07:21:22;4500;20,517302;38,153028;10,8;9011,1;145,0;10,7;170,0
2017-10-06;07:21:32;4510;20,517171;38,153143;10,8;9028,4;142,0;5,6;172,0
2017-10-06;07:21:41;4519;20,517081;38,153219;10,6;9039,9;139,0;4,6;118,0
2017-10-06;07:21:49;4527;20,516906;38,153346;11,0;9060,7;138,0;8,8;166,0
2017-10-06;07:21:56;4534;20,516721;38,153465;11,6;9081,7;139,0;10,4;166,0
2017-10-06;07:22:03;4541;20,516520;38,153582;12,0;9103,5;140,0;10,7;168,0
2017-10-06;07:22:04;4542;20,516493;38,153598;12,0;9106,5;143,0;10,7;168,0
2017-10-06;07:22:12;4550;20,516299;38,153725;12,2;9128,6;141,0;10,5;168,0
2017-10-06;07:22:19;4557;20,516110;38,153831;11,8;9149,0;141,0;10,5;170,0
2017-10-06;07:22:23;4561;20,516006;38,153896;11,6;9160,5;145,0;10,5;170,0
2017-10-06;07:22:27;4565;20,515899;38,153960;11,4;9172,3;149,0;10,5;170,0
2017-10-06;07:22:29;4567;20,515839;38,153989;11,4;9178,5;146,0;10,5;170,0
2017-10-06;07:22:33;4571;20,515727;38,154058;11,2;9190,9;149,0;10,6;170,0
2017-10-06;07:22:36;4574;20,515642;38,154106;11,2;9200,1;146,0;10,6;172,0
2017-10-06;07:22:39;4577;20,515558;38,154153;11,2;9209,1;149,0;10,6;170,0
2017-10-06;07:22:46;4584;20,515377;38,154267;11,0;9229,4;149,0;10,6;172,0
2017-10-06;07:22:54;4592;20,515180;38,154399;10,6;9252,1;148,0;10,6;172,0
2017-10-06;07:23:02;4600;20,514972;38,154520;10,2;9274,8;150,0;10,5;170,0
2017-10-06;07:23:04;4602;20,514920;38,154550;10,0;9280,3;153,0;10,5;170,0
2017-10-06;07:23:09;4607;20,514791;38,154618;10,0;9294,0;150,0;10,4;170,0
2017-10-06;07:23:16;4614;20,514551;38,154660;10,0;9315,7;149,0;10,5;170,0
2017-10-06;07:23:23;4621;20,514339;38,154726;9,6;9336,2;149,0;10,6;172,0
2017-10-06;07:23:31;4629;20,514228;38,154905;9,2;9358,4;148,0;10,4;170,0
2017-10-06;07:23:34;4632;20,514177;38,154969;9,2;9366,7;151,0;10,4;168,0
2017-10-06;07:23:41;4639;20,513994;38,155080;9,0;9387,2;153,0;10,4;170,0
2017-10-06;07:23:48;4646;20,513803;38,155197;8,8;9408,4;152,0;10,5;170,0
2017-10-06;07:23:55;4653;20,513626;38,155311;8,6;9428,5;152,0;10,5;172,0
2017-10-06;07:23:56;4654;20,513602;38,155327;8,4;9431,3;155,0;10,5;172,0
2017-10-06;07:24:04;4662;20,513435;38,155475;8,0;9453,3;153,0;10,4;170,0
2017-10-06;07:24:05;4663;20,513416;38,155493;8,0;9455,9;150,0;10,4;170,0
2017-10-06;07:24:16;4674;20,513267;38,155616;8,0;9474,8;148,0;4,2;172,0
2017-10-06;07:24:27;4685;20,513174;38,155717;8,0;9488,5;145,0;4,3;112,0
2017-10-06;07:24:31;4689;20,513135;38,155753;8,0;9493,8;142,0;4,3;120,0
2017-10-06;07:24:35;4693;20,513081;38,155791;8,0;9500,0;139,0;4,4;118,0
2017-10-06;07:24:38;4696;20,513036;38,155815;8,0;9504,8;136,0;4,6;118,0
2017-10-06;07:24:46;4704;20,512902;38,155924;8,0;9521,5;143,0;5,3;176,0
2017-10-06;07:24:47;4705;20,512878;38,155945;8,0;9524,7;143,0;10,5;174,0
2017-10-06;07:24:52;4710;20,512777;38,156044;7,8;9538,9;140,0;10,3;170,0
2017-10-06;07:24:59;4717;20,512621;38,156198;7,4;9560,7;138,0;10,7;168,0
2017-10-06;07:25:05;4723;20,512481;38,156334;7,0;9580,2;142,0;11,0;170,0
2017-10-06;07:25:12;4730;20,512341;38,156487;6,6;9601,2;142,0;11,0;170,0
2017-10-06;07:25:18;4736;20,512222;38,156601;6,4;9617,6;147,0;10,7;170,0
2017-10-06;07:25:19;4737;20,512202;38,156621;6,4;9620,4;147,0;10,6;170,0
2017-10-06;07:25:27;4745;20,512031;38,156766;6,0;9642,4;145,0;10,5;170,0
2017-10-06;07:25:34;4752;20,511870;38,156901;5,8;9663,1;144,0;10,4;170,0
2017-10-06;07:25:41;4759;20,511718;38,157037;5,6;9683,3;145,0;10,4;170,0
2017-10-06;07:25:45;4763;20,511631;38,157114;5,6;9694,7;148,0;10,4;170,0
2017-10-06;07:25:52;4770;20,511472;38,157255;5,4;9715,7;148,0;10,4;170,0
2017-10-06;07:25:58;4776;20,511321;38,157369;5,2;9734,0;152,0;10,5;170,0
2017-10-06;07:26:00;4778;20,511273;38,157409;5,2;9740,1;149,0;10,5;170,0
2017-10-06;07:26:07;4785;20,511106;38,157542;5,4;9760,8;156,0;10,6;172,0
2017-10-06;07:26:11;4789;20,511023;38,157621;5,8;9772,2;153,0;10,6;172,0
2017-10-06;07:26:14;4792;20,510951;38,157672;6,0;9780,7;156,0;10,5;172,0
2017-10-06;07:26:16;4794;20,510906;38,157711;6,0;9786,6;153,0;10,5;172,0
2017-10-06;07:26:21;4799;20,510791;38,157807;6,4;9801,2;150,0;10,5;170,0
2017-10-06;07:26:28;4806;20,510636;38,157951;6,0;9822,2;152,0;10,5;170,0
2017-10-06;07:26:35;4813;20,510461;38,158087;5,4;9843,8;153,0;10,6;174,0
2017-10-06;07:26:43;4821;20,510268;38,158243;5,0;9868,0;153,0;10,6;172,0
2017-10-06;07:26:45;4823;20,510216;38,158282;4,8;9874,3;156,0;10,7;174,0
2017-10-06;07:26:51;4829;20,510072;38,158400;4,2;9892,5;153,0;10,7;172,0
2017-10-06;07:26:58;4836;20,509911;38,158535;3,8;9913,1;154,0;10,7;170,0
2017-10-06;07:27:06;4844;20,509742;38,158684;3,8;9935,2;153,0;10,6;172,0
2017-10-06;07:27:08;4846;20,509693;38,158703;3,6;9940,1;153,0;10,6;172,0
2017-10-06;07:27:16;4854;20,509516;38,158563;4,2;9962,6;152,0;10,4;170,0
2017-10-06;07:27:24;4862;20,509351;38,158412;4,8;9984,7;152,0;10,2;172,0
2017-10-06;07:27:30;4868;20,509240;38,158290;5,4;10001,4;153,0;10,1;172,0
2017-10-06;07:27:38;4876;20,509091;38,158135;6,2;10023,2;153,0;10,0;172,0
2017-10-06;07:27:45;4883;20,508897;38,158021;6,8;10044,4;153,0;10,1;170,0
2017-10-06;07:27:52;4890;20,508722;38,157902;7,2;10064,7;155,0;10,2;172,0
2017-10-06;07:28:02;4900;20,508696;38,157699;7,6;10089,7;155,0;10,1;172,0
2017-10-06;07:28:07;4905;20,508798;38,157598;8,0;10104,1;159,0;10,0;172,0
2017-10-06;07:28:15;4913;20,508984;38,157453;7,8;10127,0;157,0;10,0;172,0
2017-10-06;07:28:23;4921;20,509075;38,157289;7,6;10147,0;155,0;9,9;174,0
2017-10-06;07:28:30;4928;20,509106;38,157114;7,4;10167,1;156,0;9,9;170,0
2017-10-06;07:28:39;4937;20,509004;38,156971;7,2;10185,8;154,0;9,8;170,0
2017-10-06;07:28:41;4939;20,509000;38,156972;7,2;10186,3;154,0;5,7;0,0
2017-10-06;07:28:52;4950;20,508918;38,156802;7,0;10206,7;153,0;9,4;172,0
2017-10-06;07:29:00;4958;20,508903;38,156611;7,4;10228,0;152,0;9,5;172,0
2017-10-06;07:29:02;4960;20,508905;38,156559;7,6;10233,8;155,0;9,6;172,0
2017-10-06;07:29:09;4967;20,508899;38,156371;8,0;10254,7;153,0;9,8;172,0
2017-10-06;07:29:16;4974;20,508888;38,156182;8,4;10275,7;152,0;10,1;172,0
2017-10-06;07:29:19;4977;20,508873;38,156106;8,6;10284,3;155,0;10,2;172,0
2017-10-06;07:29:26;4984;20,508808;38,155932;9,0;10304,3;153,0;10,1;170,0
2017-10-06;07:29:33;4991;20,508729;38,155753;9,4;10325,3;154,0;10,2;172,0
2017-10-06;07:29:41;4999;20,508705;38,155551;9,8;10347,9;154,0;10,2;172,0
2017-10-06;07:29:48;5006;20,508674;38,155372;10,0;10368,0;154,0;10,2;172,0
2017-10-06;07:29:55;5013;20,508551;38,155209;10,6;10389,1;155,0;10,3;170,0
2017-10-06;07:30:02;5020;20,508374;38,155089;11,2;10409,6;157,0;10,4;174,0
2017-10-06;07:30:04;5022;20,508317;38,155060;11,4;10415,6;161,0;10,4;174,0
2017-10-06;07:30:10;5028;20,508157;38,154963;12,0;10433,3;158,0;10,5;172,0
2017-10-06;07:30:14;5032;20,508132;38,154936;12,2;10437,2;156,0;10,3;0,0
2017-10-06;07:30:22;5040;20,508126;38,154938;12,2;10437,7;153,0;0,1;0,0
2017-10-06;07:30:31;5049;20,508126;38,154939;12,2;10438,1;150,0;0,1;0,0
2017-10-06;07:30:38;5056;20,508124;38,154939;12,2;10438,2;147,0;0,1;0,0
2017-10-06;07:30:42;5060;20,508124;38,154940;12,2;10438,2;144,0;0,1;0,0
2017-10-06;07:30:45;5063;20,508121;38,154940;12,2;10438,5;141,0;0,1;0,0
2017-10-06;07:30:49;5067;20,508117;38,154941;12,2;10438,8;138,0;0,1;0,0
2017-10-06;07:30:52;5070;20,508117;38,154941;12,2;10438,9;135,0;0,1;0,0
2017-10-06;07:30:57;5075;20,508118;38,154943;12,2;10439,3;132,0;0,1;0,0
2017-10-06;07:31:02;5080;20,508124;38,154945;12,2;10439,9;129,0;0,1;0,0
2017-10-06;07:31:05;5083;20,508126;38,154947;12,0;10440,1;125,0;0,1;0,0
2017-10-06;07:31:09;5087;20,508129;38,154948;12,0;10440,5;122,0;0,1;0,0
2017-10-06;07:31:15;5093;20,508130;38,154950;12,0;10440,6;119,0;0,1;0,0
2017-10-06;07:31:38;5116;20,508104;38,154953;12,2;10443,3;116,0;0,1;0,0
2017-10-06;07:31:47;5125;20,507978;38,154976;12,4;10454,9;120,0;7,1;118,0
2017-10-06;07:31:53;5131;20,507795;38,155075;12,6;10474,3;123,0;11,8;174,0
2017-10-06;07:31:56;5134;20,507716;38,155138;12,6;10484,1;126,0;11,6;174,0
2017-10-06;07:32:01;5139;20,507570;38,155234;12,8;10500,8;130,0;11,7;174,0
2017-10-06;07:32:06;5144;20,507430;38,155339;12,8;10517,7;133,0;11,9;174,0
2017-10-06;07:32:11;5149;20,507294;38,155433;12,2;10533,6;137,0;11,8;174,0
2017-10-06;07:32:15;5153;20,507183;38,155504;11,6;10546,0;140,0;11,6;176,0
2017-10-06;07:32:20;5158;20,507038;38,155586;11,6;10561,8;143,0;11,6;174,0
2017-10-06;07:32:27;5165;20,506832;38,155696;11,8;10583,5;146,0;11,5;172,0
2017-10-06;07:32:31;5169;20,506730;38,155768;12,0;10595,6;149,0;11,4;174,0
2017-10-06;07:32:33;5171;20,506680;38,155805;12,0;10601,5;153,0;11,3;174,0
2017-10-06;07:32:40;5178;20,506509;38,155944;12,2;10623,0;153,0;11,3;174,0
2017-10-06;07:32:41;5179;20,506487;38,155968;12,2;10626,3;156,0;11,3;174,0
2017-10-06;07:32:48;5186;20,506358;38,156128;12,2;10647,4;154,0;11,2;176,0
2017-10-06;07:32:55;5193;20,506220;38,156273;12,0;10667,6;154,0;11,1;172,0
2017-10-06;07:33:02;5200;20,506054;38,156404;12,0;10688,1;154,0;11,0;172,0
2017-10-06;07:33:09;5207;20,505879;38,156531;12,4;10709,0;155,0;11,0;174,0
2017-10-06;07:33:16;5214;20,505707;38,156659;13,2;10729,7;155,0;10,9;174,0
2017-10-06;07:33:24;5222;20,505498;38,156775;14,0;10752,1;156,0;10,8;172,0
2017-10-06;07:33:31;5229;20,505305;38,156874;14,0;10772,2;157,0;10,7;174,0
2017-10-06;07:33:38;5236;20,505112;38,156972;14,0;10792,5;158,0;10,7;174,0
2017-10-06;07:33:46;5244;20,504922;38,157113;13,8;10815,3;159,0;10,6;172,0
2017-10-06;07:33:49;5247;20,504849;38,157166;13,8;10824,1;162,0;10,6;172,0
2017-10-06;07:33:58;5256;20,504623;38,157193;14,0;10844,8;160,0;10,4;174,0
2017-10-06;07:34:05;5263;20,504526;38,157195;14,2;10853,3;157,0;5,4;174,0
2017-10-06;07:34:07;5265;20,504521;38,157194;14,2;10853,8;157,0;3,3;0,0
2017-10-06;07:34:11;5269;20,504521;38,157191;14,2;10854,1;154,0;0,0;0,0
2017-10-06;07:34:16;5274;20,504463;38,157176;14,2;10859,5;153,0;4,0;118,0
2017-10-06;07:34:21;5279;20,504375;38,157153;14,4;10867,5;150,0;5,2;122,0
2017-10-06;07:34:29;5287;20,504266;38,157089;14,8;10879,5;147,0;5,4;130,0
2017-10-06;07:34:33;5291;20,504215;38,157045;14,8;10886,3;144,0;5,3;128,0
2017-10-06;07:34:40;5298;20,504062;38,156907;15,4;10906,6;146,0;10,6;170,0
2017-10-06;07:34:47;5305;20,503878;38,156800;15,8;10926,7;146,0;10,6;170,0
2017-10-06;07:34:55;5313;20,503676;38,156683;17,4;10948,6;149,0;10,3;168,0
2017-10-06;07:35:04;5322;20,503518;38,156538;18,8;10970,0;151,0;9,9;170,0
2017-10-06;07:35:12;5330;20,503336;38,156409;20,4;10991,5;153,0;9,8;172,0
2017-10-06;07:35:16;5334;20,503234;38,156357;21,4;11002,2;154,0;9,8;172,0
2017-10-06;07:35:22;5340;20,503075;38,156277;22,6;11018,6;157,0;9,8;174,0
2017-10-06;07:35:30;5348;20,502862;38,156176;24,2;11040,3;158,0;9,9;172,0
2017-10-06;07:35:38;5356;20,502673;38,156067;25,2;11060,8;160,0;9,8;172,0
2017-10-06;07:35:46;5364;20,502502;38,155932;26,4;11082,0;162,0;9,8;176,0
2017-10-06;07:36:01;5379;20,502336;38,155793;27,8;11103,3;161,0;6,4;138,0
2017-10-06;07:36:15;5393;20,502173;38,155651;29,0;11124,6;159,0;5,4;132,0
2017-10-06;07:36:28;5406;20,502033;38,155528;30,4;11142,9;156,0;5,0;128,0
2017-10-06;07:36:36;5414;20,501898;38,155361;31,8;11164,9;154,0;9,0;170,0
2017-10-06;07:36:43;5421;20,501742;38,155221;33,2;11185,8;155,0;10,1;174,0
2017-10-06;07:36:50;5428;20,501530;38,155270;34,2;11206,3;156,0;10,4;172,0
2017-10-06;07:36:56;5434;20,501374;38,155357;35,2;11223,3;159,0;10,1;172,0
2017-10-06;07:37:04;5442;20,501172;38,155279;36,8;11244,0;161,0;9,9;174,0
2017-10-06;07:37:11;5449;20,501086;38,155201;37,6;11255,6;164,0;8,9;130,0
2017-10-06;07:37:25;5463;20,501012;38,155026;38,4;11276,2;162,0;4,9;116,0
2017-10-06;07:37:32;5470;20,500982;38,154933;38,8;11286,8;159,0;5,1;132,0
2017-10-06;07:37:37;5475;20,500958;38,154854;39,0;11295,8;156,0;5,4;138,0
2017-10-06;07:37:43;5481;20,500929;38,154744;39,4;11308,3;153,0;6,0;138,0
2017-10-06;07:37:50;5488;20,500847;38,154558;40,4;11330,2;153,0;8,8;172,0
2017-10-06;07:37:57;5495;20,500808;38,154381;41,2;11350,5;151,0;9,8;170,0
2017-10-06;07:38:03;5501;20,500824;38,154223;41,8;11368,1;155,0;9,9;174,0
2017-10-06;07:38:10;5508;20,500850;38,154028;42,8;11389,8;153,0;10,1;174,0
2017-10-06;07:38:14;5512;20,500861;38,153915;43,4;11402,4;156,0;10,2;174,0
2017-10-06;07:38:22;5520;20,500868;38,153719;44,2;11424,2;155,0;10,2;174,0
2017-10-06;07:38:30;5528;20,500797;38,153528;45,4;11446,6;157,0;10,2;176,0
2017-10-06;07:38:37;5535;20,500679;38,153371;47,4;11466,9;160,0;10,2;178,0
2017-10-06;07:38:42;5540;20,500618;38,153273;49,0;11479,0;163,0;10,2;174,0
2017-10-06;07:38:59;5557;20,500596;38,153094;51,4;11500,2;164,0;4,7;122,0
2017-10-06;07:39:16;5574;20,500740;38,152943;52,0;11521,2;164,0;4,5;130,0
2017-10-06;07:39:24;5582;20,500804;38,152851;52,4;11532,9;161,0;4,6;132,0
2017-10-06;07:39:28;5586;20,500834;38,152799;52,6;11539,3;158,0;4,8;126,0
2017-10-06;07:39:36;5594;20,500824;38,152692;53,8;11552,5;156,0;5,0;124,0
2017-10-06;07:39:50;5608;20,500610;38,152745;55,4;11573,7;155,0;5,0;126,0
2017-10-06;07:39:56;5614;20,500521;38,152801;55,6;11583,7;155,0;5,1;126,0
2017-10-06;07:40:10;5628;20,500311;38,152760;59,4;11604,1;156,0;5,2;126,0
2017-10-06;07:40:24;5642;20,500160;38,152626;63,6;11624,2;153,0;5,1;126,0
2017-10-06;07:40:34;5652;20,500042;38,152522;67,4;11639,7;150,0;5,1;124,0
2017-10-06;07:40:51;5669;20,499877;38,152385;72,8;11661,1;148,0;4,7;118,0
2017-10-06;07:41:00;5678;20,499814;38,152396;73,6;11666,9;145,0;0,1;0,0
2017-10-06;07:41:13;5691;20,499801;38,152395;73,8;11668,3;142,0;0,0;0,0
2017-10-06;07:41:17;5695;20,499796;38,152395;74,0;11668,7;139,0;0,0;0,0
2017-10-06;07:41:22;5700;20,499793;38,152393;74,0;11669,0;136,0;0,0;0,0
2017-10-06;07:41:25;5703;20,499791;38,152395;74,0;11669,3;133,0;0,0;0,0
2017-10-06;07:41:28;5706;20,499792;38,152399;74,0;11669,7;130,0;0,0;0,0
2017-10-06;07:41:43;5721;20,499600;38,152521;74,8;11691,4;133,0;10,1;166,0
2017-10-06;07:41:48;5726;20,499475;38,152602;74,8;11705,6;136,0;10,6;172,0
2017-10-06;07:41:52;5730;20,499370;38,152664;75,2;11717,1;139,0;10,5;172,0
2017-10-06;07:41:56;5734;20,499271;38,152725;75,6;11728,1;142,0;10,3;172,0
2017-10-06;07:42:01;5739;20,499154;38,152811;75,8;11742,1;146,0;10,2;172,0
2017-10-06;07:42:03;5741;20,499109;38,152848;76,0;11747,8;149,0;10,2;172,0
2017-10-06;07:42:07;5745;20,499023;38,152920;76,4;11758,7;152,0;10,2;172,0
2017-10-06;07:42:12;5750;20,498920;38,152998;77,0;11771,3;155,0;10,1;172,0
2017-10-06;07:42:20;5758;20,498754;38,153128;78,6;11791,8;157,0;9,9;172,0
2017-10-06;07:42:28;5766;20,498585;38,153258;80,6;11812,4;158,0;9,7;172,0
2017-10-06;07:42:36;5774;20,498418;38,153389;80,6;11833,1;159,0;9,7;172,0
2017-10-06;07:42:44;5782;20,498229;38,153514;81,2;11854,8;160,0;9,6;172,0
2017-10-06;07:42:51;5789;20,498046;38,153627;82,0;11875,1;162,0;9,7;172,0
2017-10-06;07:42:58;5796;20,497873;38,153764;82,8;11896,5;163,0;9,9;174,0
2017-10-06;07:43:06;5804;20,497681;38,153895;84,4;11918,8;165,0;10,0;172,0
2017-10-06;07:43:19;5817;20,497483;38,153999;85,4;11939,8;166,0;5,1;122,0
2017-10-06;07:43:29;5827;20,497363;38,154105;84,8;11955,6;163,0;5,2;120,0
2017-10-06;07:43:40;5838;20,497217;38,154260;83,6;11977,3;160,0;5,9;130,0
2017-10-06;07:43:47;5845;20,497043;38,154396;84,0;11998,7;159,0;9,4;170,0
2017-10-06;07:43:48;5846;20,497017;38,154416;84,2;12001,8;159,0;9,6;170,0
2017-10-06;07:43:55;5853;20,496828;38,154541;85,4;12023,4;158,0;10,2;170,0
2017-10-06;07:44:02;5860;20,496637;38,154673;86,2;12045,7;158,0;10,5;172,0
2017-10-06;07:44:09;5867;20,496478;38,154809;86,4;12066,2;159,0;10,6;174,0
2017-10-06;07:44:18;5876;20,496344;38,154953;85,8;12086,3;157,0;9,7;162,0
2017-10-06;07:44:27;5885;20,496243;38,155125;84,2;12107,7;155,0;9,6;168,0
2017-10-06;07:44:34;5892;20,496089;38,155268;83,8;12128,5;153,0;10,0;170,0
2017-10-06;07:44:41;5899;20,495927;38,155402;83,8;12149,0;153,0;10,2;170,0
2017-10-06;07:44:49;5907;20,495731;38,155521;84,8;12170,7;154,0;10,3;176,0
2017-10-06;07:44:52;5910;20,495650;38,155565;85,2;12179,3;157,0;10,4;182,0
2017-10-06;07:44:56;5914;20,495554;38,155630;85,8;12190,4;160,0;10,5;182,0
2017-10-06;07:45:00;5918;20,495459;38,155691;86,4;12201,1;163,0;10,5;180,0
2017-10-06;07:45:06;5924;20,495322;38,155789;87,4;12217,3;166,0;10,5;176,0
2017-10-06;07:45:18;5936;20,495159;38,155932;87,4;12238,7;167,0;8,9;132,0
2017-10-06;07:45:31;5949;20,495003;38,156077;87,6;12260,2;165,0;5,6;122,0
2017-10-06;07:45:37;5955;20,494955;38,156148;87,2;12268,9;162,0;5,5;124,0
2017-10-06;07:45:42;5960;20,494921;38,156217;86,6;12277,1;158,0;5,4;124,0
2017-10-06;07:45:49;5967;20,494784;38,156385;86,4;12299,3;156,0;9,8;168,0
2017-10-06;07:45:56;5974;20,494638;38,156557;86,2;12322,3;153,0;10,4;170,0
2017-10-06;07:46:04;5982;20,494458;38,156701;87,0;12344,8;154,0;10,3;174,0
2017-10-06;07:46:09;5987;20,494329;38,156776;87,6;12358,8;157,0;10,4;172,0
2017-10-06;07:46:15;5993;20,494187;38,156864;89,4;12374,6;160,0;10,3;176,0
2017-10-06;07:46:20;5998;20,494068;38,156952;90,8;12388,9;163,0;10,3;176,0
2017-10-06;07:46:25;6003;20,493950;38,157035;92,0;12402,8;166,0;10,4;176,0
2017-10-06;07:46:33;6011;20,493770;38,157171;94,0;12424,9;170,0;10,3;176,0
2017-10-06;07:46:46;6024;20,493645;38,157304;95,6;12443,1;173,0;5,1;122,0
2017-10-06;07:46:59;6037;20,493531;38,157445;96,4;12461,6;170,0;4,6;122,0
2017-10-06;07:47:12;6050;20,493407;38,157596;96,8;12481,6;167,0;4,8;126,0
2017-10-06;07:47:20;6058;20,493316;38,157678;97,4;12493,7;164,0;4,9;126,0
2017-10-06;07:47:26;6064;20,493246;38,157739;97,8;12502,8;161,0;4,9;126,0
2017-10-06;07:47:32;6070;20,493179;38,157798;98,2;12511,6;158,0;5,0;124,0
2017-10-06;07:47:39;6077;20,493105;38,157879;98,4;12522,7;155,0;5,0;126,0
2017-10-06;07:47:44;6082;20,493051;38,157925;98,6;12529,7;152,0;5,1;126,0
2017-10-06;07:47:51;6089;20,492978;38,157984;99,0;12539,0;149,0;5,0;126,0
2017-10-06;07:48:03;6101;20,492811;38,158126;99,8;12560,4;148,0;5,2;122,0
2017-10-06;07:48:10;6108;20,492669;38,158272;100,2;12580,8;149,0;9,6;168,0
2017-10-06;07:48:18;6116;20,492572;38,158456;99,4;12603,5;147,0;9,9;166,0
2017-10-06;07:48:26;6124;20,492464;38,158637;98,0;12626,1;146,0;10,1;160,0
2017-10-06;07:48:32;6130;20,492341;38,158793;97,2;12646,6;146,0;10,6;170,0
2017-10-06;07:48:39;6137;20,492232;38,158961;95,8;12667,5;145,0;10,8;170,0
2017-10-06;07:48:47;6145;20,492056;38,159099;95,8;12689,3;145,0;10,6;170,0
2017-10-06;07:48:55;6153;20,491957;38,159281;96,2;12711,3;145,0;10,3;172,0
2017-10-06;07:48:59;6157;20,491904;38,159374;96,4;12722,6;148,0;10,3;176,0
2017-10-06;07:49:06;6164;20,491890;38,159575;94,0;12745,0;150,0;10,3;174,0
2017-10-06;07:49:12;6170;20,491830;38,159716;93,6;12761,5;153,0;10,4;174,0
2017-10-06;07:49:20;6178;20,491688;38,159881;94,2;12783,6;156,0;10,3;170,0
2017-10-06;07:49:27;6185;20,491569;38,160038;94,2;12803,9;157,0;10,3;176,0
2017-10-06;07:49:33;6191;20,491475;38,160166;94,8;12820,4;160,0;10,3;174,0
2017-10-06;07:49:41;6199;20,491360;38,160345;95,0;12842,8;162,0;10,3;172,0
2017-10-06;07:49:48;6206;20,491309;38,160521;94,2;12862,9;163,0;10,3;172,0
2017-10-06;07:49:55;6213;20,491247;38,160713;93,8;12884,8;163,0;10,3;170,0
2017-10-06;07:50:02;6220;20,491118;38,160869;95,4;12905,5;165,0;10,4;178,0
2017-10-06;07:50:11;6229;20,490932;38,161005;99,0;12927,9;165,0;10,4;174,0
2017-10-06;07:50:14;6232;20,490880;38,161065;100,2;12936,0;168,0;10,3;174,0
2017-10-06;07:50:20;6238;20,490786;38,161191;102,2;12952,3;171,0;10,2;170,0
2017-10-06;07:50:28;6246;20,490700;38,161377;101,4;12973,9;170,0;10,1;170,0
2017-10-06;07:50:36;6254;20,490584;38,161555;100,8;12996,1;171,0;10,1;174,0
2017-10-06;07:50:38;6256;20,490554;38,161596;100,6;13001,4;170,0;10,1;172,0
2017-10-06;07:50:46;6264;20,490421;38,161774;100,4;13024,3;169,0;10,0;172,0
2017-10-06;07:50:53;6271;20,490308;38,161944;100,6;13045,6;169,0;10,1;172,0
2017-10-06;07:51:01;6279;20,490164;38,162106;101,4;13067,6;168,0;10,1;174,0
2017-10-06;07:51:09;6287;20,490013;38,162263;102,2;13089,6;167,0;10,1;172,0
2017-10-06;07:51:17;6295;20,489892;38,162435;101,8;13111,2;167,0;10,1;172,0
2017-10-06;07:51:28;6306;20,489785;38,162599;101,4;13131,7;167,0;4,5;176,0
2017-10-06;07:51:35;6313;20,489749;38,162662;101,6;13139,6;168,0;5,5;110,0
2017-10-06;07:51:44;6322;20,489678;38,162660;102,4;13145,8;165,0;2,9;0,0
2017-10-06;07:51:48;6326;20,489673;38,162660;102,4;13146,2;162,0;2,0;0,0
2017-10-06;07:51:53;6331;20,489673;38,162662;102,4;13146,6;159,0;1,8;0,0
2017-10-06;07:52:09;6347;20,489581;38,162481;105,0;13169,0;160,0;11,2;178,0
2017-10-06;07:52:16;6354;20,489500;38,162293;107,8;13191,1;162,0;12,3;180,0
2017-10-06;07:52:20;6358;20,489403;38,162221;109,2;13202,9;165,0;12,4;180,0
2017-10-06;07:52:27;6365;20,489169;38,162146;111,8;13224,8;168,0;12,4;180,0
2017-10-06;07:52:31;6369;20,489050;38,162096;114,0;13236,6;171,0;12,1;180,0
2017-10-06;07:52:40;6378;20,488843;38,162001;117,6;13257,4;173,0;11,2;178,0
2017-10-06;07:52:56;6394;20,488742;38,161868;117,6;13275,0;172,0;4,1;126,0
2017-10-06;07:52:58;6396;20,488730;38,161868;117,6;13275,8;171,0;3,6;0,0
2017-10-06;07:53:03;6401;20,488720;38,161879;117,6;13276,6;168,0;2,8;0,0
2017-10-06;07:53:11;6409;20,488724;38,161882;117,6;13277,0;165,0;0,0;0,0
2017-10-06;07:53:18;6416;20,488722;38,161881;117,6;13277,2;162,0;0,0;0,0
2017-10-06;07:53:21;6419;20,488722;38,161881;117,6;13277,3;159,0;0,0;0,0
2017-10-06;07:53:25;6423;20,488722;38,161881;117,6;13277,4;156,0;0,0;0,0
2017-10-06;07:53:27;6425;20,488723;38,161882;117,6;13277,4;153,0;0,0;0,0
2017-10-06;07:53:30;6428;20,488722;38,161882;117,6;13277,5;149,0;0,0;0,0
2017-10-06;07:53:33;6431;20,488722;38,161882;117,6;13277,5;146,0;0,0;0,0
2017-10-06;07:53:36;6434;20,488722;38,161882;117,6;13277,5;143,0;0,0;0,0
2017-10-06;07:53:39;6437;20,488722;38,161882;117,6;13277,5;140,0;0,0;0,0
2017-10-06;07:53:44;6442;20,488722;38,161882;117,6;13277,5;137,0;0,0;0,0
2017-10-06;07:53:48;6446;20,488723;38,161882;117,6;13277,6;134,0;0,0;0,0
2017-10-06;07:53:56;6454;20,488722;38,161882;117,6;13277,6;131,0;0,0;0,0
2017-10-06;07:54:00;6458;20,488722;38,161882;117,6;13277,7;128,0;0,0;0,0
2017-10-06;07:54:08;6466;20,488706;38,161885;117,6;13279,1;125,0;0,0;0,0
2017-10-06;07:54:17;6475;20,488695;38,161879;117,6;13280,4;122,0;0,0;0,0
2017-10-06;07:54:42;6500;20,488687;38,161876;117,6;13282,1;119,0;0,0;0,0
2017-10-06;07:54:54;6512;20,488666;38,161864;117,4;13284,5;116,0;0,0;0,0
2017-10-06;07:55:35;6553;20,488608;38,161815;117,4;13295,7;119,0;0,1;0,0
2017-10-06;07:55:40;6558;20,488513;38,161719;117,0;13309,2;122,0;10,0;166,0
2017-10-06;07:55:45;6563;20,488406;38,161654;116,6;13321,1;125,0;10,6;170,0
2017-10-06;07:55:52;6570;20,488118;38,161643;115,8;13346,5;127,0;10,9;170,0
2017-10-06;07:55:59;6577;20,487886;38,161579;113,8;13368,0;130,0;11,1;170,0
2017-10-06;07:56:04;6582;20,487712;38,161550;111,8;13383,6;133,0;11,2;170,0
2017-10-06;07:56:12;6590;20,487471;38,161461;109,2;13407,3;133,0;11,3;170,0
2017-10-06;07:56:19;6597;20,487337;38,161303;106,6;13428,5;133,0;11,3;170,0
2017-10-06;07:56:26;6604;20,487212;38,161131;104,2;13450,4;133,0;11,1;168,0
2017-10-06;07:56:33;6611;20,487093;38,160952;101,2;13472,8;134,0;11,2;172,0
2017-10-06;07:56:40;6618;20,486959;38,160778;98,6;13495,5;135,0;11,2;170,0
2017-10-06;07:56:45;6623;20,486822;38,160679;96,6;13512,5;137,0;11,3;168,0
2017-10-06;07:56:51;6629;20,486608;38,160780;94,0;13534,9;139,0;11,5;170,0
2017-10-06;07:56:57;6635;20,486458;38,160924;92,6;13555,5;143,0;11,6;170,0
2017-10-06;07:57:03;6641;20,486307;38,160961;90,6;13571,3;140,0;11,4;166,0
2017-10-06;07:57:10;6648;20,486249;38,160764;88,6;13593,8;140,0;11,1;170,0
2017-10-06;07:57:17;6655;20,486229;38,160562;87,4;13616,4;139,0;11,3;170,0
2017-10-06;07:57:19;6657;20,486242;38,160503;87,4;13623,0;143,0;11,4;170,0
2017-10-06;07:57:25;6663;20,486328;38,160325;88,8;13644,3;142,0;11,5;170,0
2017-10-06;07:57:27;6665;20,486363;38,160261;89,0;13652,0;145,0;11,6;170,0
2017-10-06;07:57:30;6668;20,486386;38,160170;89,0;13662,3;151,0;11,7;170,0
2017-10-06;07:57:31;6669;20,486384;38,160139;88,8;13665,7;151,0;11,8;170,0
2017-10-06;07:57:33;6671;20,486369;38,160082;88,4;13672,2;148,0;11,8;170,0
2017-10-06;07:57:37;6675;20,486320;38,159978;87,8;13684,5;145,0;11,7;170,0
2017-10-06;07:57:44;6682;20,486142;38,159830;85,0;13707,4;145,0;11,7;168,0
2017-10-06;07:57:50;6688;20,485929;38,159760;81,4;13727,6;145,0;11,8;168,0
2017-10-06;07:57:53;6691;20,485829;38,159718;79,6;13737,5;150,0;11,8;170,0
2017-10-06;07:57:54;6692;20,485799;38,159702;79,0;13740,7;150,0;11,8;170,0
2017-10-06;07:58:01;6699;20,485643;38,159547;76,6;13762,8;148,0;11,8;172,0
2017-10-06;07:58:06;6704;20,485527;38,159451;74,6;13778,5;148,0;11,8;170,0
2017-10-06;07:58:08;6706;20,485470;38,159484;73,2;13785,0;147,0;11,7;170,0
2017-10-06;07:58:15;6713;20,485446;38,159683;71,6;13807,3;146,0;11,6;168,0
2017-10-06;07:58:21;6719;20,485298;38,159767;68,6;13824,4;146,0;11,5;166,0
2017-10-06;07:58:28;6726;20,485088;38,159648;65,8;13847,1;146,0;11,4;168,0
2017-10-06;07:58:36;6734;20,484914;38,159532;63,6;13867,2;144,0;8,4;178,0
2017-10-06;07:58:37;6735;20,484885;38,159511;63,4;13870,6;150,0;9,3;178,0
2017-10-06;07:58:38;6736;20,484857;38,159491;63,0;13873,9;149,0;10,2;178,0
2017-10-06;07:58:43;6741;20,484726;38,159390;61,4;13889,9;146,0;11,5;170,0
2017-10-06;07:58:46;6744;20,484650;38,159335;60,6;13899,0;142,0;11,6;170,0
2017-10-06;07:58:53;6751;20,484424;38,159231;57,4;13921,8;143,0;11,7;170,0
2017-10-06;07:58:59;6757;20,484229;38,159124;54,4;13942,6;142,0;11,7;172,0
2017-10-06;07:59:03;6761;20,484085;38,159086;52,2;13956,0;139,0;11,8;170,0
2017-10-06;07:59:09;6767;20,483893;38,159029;49,2;13974,1;143,0;11,6;170,0
2017-10-06;07:59:11;6769;20,483838;38,159001;48,4;13979,8;146,0;11,6;170,0
2017-10-06;07:59:17;6775;20,483690;38,158861;46,0;14000,1;145,0;11,5;170,0
2017-10-06;07:59:22;6780;20,483511;38,158858;43,4;14017,1;143,0;11,6;170,0
2017-10-06;07:59:28;6786;20,483357;38,159016;41,2;14039,3;143,0;11,7;170,0
2017-10-06;07:59:34;6792;20,483151;38,159076;38,2;14059,6;143,0;11,8;170,0
2017-10-06;07:59:41;6799;20,482930;38,159010;35,2;14080,3;143,0;11,7;172,0
2017-10-06;07:59:48;6806;20,482698;38,158930;33,4;14102,5;143,0;11,6;170,0
2017-10-06;07:59:53;6811;20,482561;38,158878;32,2;14116,5;143,0;11,6;170,0
2017-10-06;08:00:02;6820;20,482475;38,158691;31,6;14138,6;145,0;11,1;172,0
2017-10-06;08:00:09;6827;20,482440;38,158487;31,0;14161,4;146,0;11,1;172,0
2017-10-06;08:00:16;6834;20,482410;38,158280;31,6;14184,3;148,0;11,3;170,0
2017-10-06;08:00:21;6839;20,482383;38,158133;32,0;14200,7;151,0;11,4;172,0
2017-10-06;08:00:27;6845;20,482312;38,157969;32,4;14219,8;155,0;11,4;174,0
2017-10-06;08:00:35;6853;20,482222;38,157787;32,6;14241,7;157,0;11,2;174,0
2017-10-06;08:00:42;6860;20,482110;38,157599;32,6;14264,8;159,0;11,1;174,0
2017-10-06;08:00:49;6867;20,481993;38,157427;31,6;14286,5;160,0;11,2;172,0
2017-10-06;08:00:56;6874;20,481892;38,157253;30,6;14307,7;161,0;11,1;172,0
2017-10-06;08:01:03;6881;20,481836;38,157065;30,0;14329,2;162,0;11,0;174,0
2017-10-06;08:01:10;6888;20,481830;38,156883;29,8;14349,5;162,0;11,0;172,0
2017-10-06;08:01:18;6896;20,481899;38,156688;29,8;14372,0;162,0;10,8;172,0
2017-10-06;08:01:26;6904;20,482037;38,156510;29,8;14395,2;160,0;10,7;172,0
2017-10-06;08:01:33;6911;20,482169;38,156337;29,4;14417,7;160,0;10,8;174,0
2017-10-06;08:01:40;6918;20,482312;38,156167;29,8;14440,3;160,0;10,9;172,0
2017-10-06;08:01:47;6925;20,482443;38,156004;30,0;14461,8;161,0;11,0;172,0
2017-10-06;08:01:54;6932;20,482588;38,155834;30,8;14484,5;161,0;11,1;174,0
2017-10-06;08:02:01;6939;20,482699;38,155675;31,4;14504,6;163,0;11,1;170,0
2017-10-06;08:02:09;6947;20,482851;38,155520;31,6;14526,4;163,0;11,0;172,0
2017-10-06;08:02:16;6954;20,482972;38,155365;31,4;14546,7;164,0;10,9;170,0
2017-10-06;08:02:25;6963;20,483085;38,155193;31,4;14568,7;163,0;10,6;166,0
2017-10-06;08:02:32;6970;20,483214;38,155043;30,8;14588,8;162,0;10,3;170,0
2017-10-06;08:02:41;6979;20,483323;38,154883;30,0;14609,2;160,0;10,0;170,0
2017-10-06;08:02:47;6985;20,483340;38,154833;29,4;14614,8;158,0;4,4;0,0
2017-10-06;08:02:55;6993;20,483331;38,154836;29,4;14615,5;155,0;0,0;0,0
2017-10-06;08:03:05;7003;20,483280;38,154815;28,8;14620,7;152,0;0,0;0,0
2017-10-06;08:03:09;7007;20,483232;38,154784;28,2;14626,1;151,0;3,7;118,0
2017-10-06;08:03:12;7010;20,483199;38,154752;27,6;14630,7;148,0;4,8;118,0
2017-10-06;08:03:15;7013;20,483170;38,154720;27,0;14635,1;145,0;5,1;118,0
2017-10-06;08:03:17;7015;20,483145;38,154703;26,6;14638,0;142,0;5,1;130,0
2017-10-06;08:03:19;7017;20,483118;38,154683;26,2;14641,1;139,0;5,2;136,0
2017-10-06;08:03:28;7026;20,482920;38,154591;24,0;14661,4;138,0;7,7;162,0
2017-10-06;08:03:36;7034;20,482724;38,154467;21,8;14683,6;137,0;9,4;166,0
2017-10-06;08:03:45;7043;20,482613;38,154301;19,4;14704,5;136,0;9,6;166,0
2017-10-06;08:03:53;7051;20,482461;38,154157;17,8;14725,3;136,0;9,8;168,0
2017-10-06;08:04:03;7061;20,482281;38,154131;16,8;14742,0;133,0;9,3;170,0
2017-10-06;08:04:05;7063;20,482252;38,154127;16,8;14744,7;133,0;9,0;170,0
2017-10-06;08:04:12;7070;20,482142;38,154057;16,0;14758,6;132,0;8,6;164,0
2017-10-06;08:04:19;7077;20,482214;38,154013;16,0;14768,0;132,0;8,2;162,0
2017-10-06;08:04:29;7087;20,482437;38,153966;16,8;14788,1;132,0;8,0;162,0
2017-10-06;08:04:31;7089;20,482454;38,153928;16,8;14792,7;132,0;8,1;160,0
2017-10-06;08:04:37;7095;20,482400;38,153831;16,0;14805,1;129,0;8,2;162,0
2017-10-06;08:04:45;7103;20,482281;38,153887;15,6;14817,3;126,0;6,9;118,0
2017-10-06;08:04:49;7107;20,482264;38,153902;15,6;14819,5;125,0;3,8;114,0
2017-10-06;08:05:01;7119;20,482254;38,153886;15,6;14822,7;122,0;3,8;0,0
2017-10-06;08:05:04;7122;20,482246;38,153876;15,4;14824,0;119,0;3,8;0,0
2017-10-06;08:05:09;7127;20,482247;38,153870;15,4;14824,3;116,0;3,8;0,0
2017-10-06;08:05:11;7129;20,482236;38,153882;15,4;14825,8;116,0;3,7;0,0
2017-10-06;08:05:17;7135;20,482257;38,153887;15,6;14827,8;119,0;0,0;118,0
2017-10-06;08:05:21;7139;20,482294;38,153871;15,6;14831,6;122,0;0,6;0,0
2017-10-06;08:05:31;7149;20,482432;38,153856;16,2;14844,4;119,0;0,6;122,0
2017-10-06;08:05:36;7154;20,482389;38,153936;16,4;14854,6;122,0;5,7;122,0
2017-10-06;08:05:40;7158;20,482302;38,153980;16,2;14863,6;125,0;10,2;172,0
2017-10-06;08:05:41;7159;20,482285;38,153992;16,2;14865,6;128,0;10,3;172,0
2017-10-06;08:05:43;7161;20,482255;38,154009;16,2;14868,8;133,0;10,3;174,0
2017-10-06;08:05:45;7163;20,482248;38,154005;16,2;14869,5;136,0;9,5;174,0
2017-10-06;08:05:47;7165;20,482210;38,154011;16,0;14872,9;139,0;6,6;174,0
2017-10-06;08:05:49;7167;20,482170;38,154042;16,0;14877,9;143,0;8,1;164,0
2017-10-06;08:05:51;7169;20,482163;38,154075;16,0;14881,7;145,0;10,0;178,0
2017-10-06;08:05:53;7171;20,482196;38,154086;16,2;14885,0;148,0;9,9;178,0
2017-10-06;08:05:57;7175;20,482296;38,154087;16,8;14893,8;152,0;10,0;172,0
2017-10-06;08:06:00;7178;20,482354;38,154088;17,0;14898,9;155,0;9,8;172,0
2017-10-06;08:06:04;7182;20,482450;38,154122;17,6;14908,1;158,0;9,1;170,0
2017-10-06;08:06:08;7186;20,482517;38,154137;18,0;14914,1;161,0;8,4;170,0
2017-10-06;08:06:10;7188;20,482544;38,154148;18,2;14916,7;162,0;7,7;170,0
2017-10-06;08:06:12;7190;20,482569;38,154171;18,4;14920,0;162,0;6,9;118,0
2017-10-06;08:06:20;7198;20,482609;38,154224;18,8;14926,7;162,0;3,7;0,0
2017-10-06;08:06:27;7205;20,482624;38,154238;19,0;14928,3;159,0;4,0;0,0
2017-10-06;08:06:30;7208;20,482637;38,154247;19,2;14929,0;157,0;3,9;0,0
2017-10-06;08:06:34;7212;20,482673;38,154287;19,6;14934,5;156,0;3,9;118,0
2017-10-06;08:06:42;7220;20,482678;38,154476;21,6;14955,6;159,0;9,9;172,0
2017-10-06;08:06:48;7226;20,482764;38,154600;23,4;14971,4;162,0;10,9;174,0
2017-10-06;08:06:53;7231;20,482887;38,154647;24,4;14983,5;165,0;10,6;170,0
2017-10-06;08:07:00;7238;20,483033;38,154700;25,8;14997,7;168,0;10,2;172,0
2017-10-06;08:07:03;7241;20,483067;38,154713;26,2;15001,1;168,0;5,9;172,0
2017-10-06;08:07:16;7254;20,483195;38,154789;28,0;15015,2;168,0;4,2;118,0
2017-10-06;08:07:23;7261;20,483198;38,154768;27,8;15017,4;165,0;3,4;0,0
2017-10-06;08:07:31;7269;20,483200;38,154780;28,0;15018,1;162,0;0,0;118,0
2017-10-06;08:07:41;7279;20,483207;38,154781;28,0;15018,7;159,0;0,0;0,0
2017-10-06;08:07:47;7285;20,483210;38,154776;28,0;15019,3;156,0;0,0;118,0
2017-10-06;08:07:51;7289;20,483217;38,154779;28,0;15020,5;153,0;0,0;0,0
2017-10-06;08:07:55;7293;20,483307;38,154841;29,4;15031,0;154,0;5,6;118,0
2017-10-06;08:08:01;7299;20,483478;38,154960;31,8;15051,0;155,0;13,4;178,0
2017-10-06;08:08:06;7304;20,483631;38,155050;34,0;15067,7;158,0;13,1;184,0
2017-10-06;08:08:11;7309;20,483808;38,155147;36,2;15086,5;162,0;13,7;186,0
2017-10-06;08:08:16;7314;20,483960;38,155192;38,2;15101,5;166,0;13,6;188,0
2017-10-06;08:08:18;7316;20,484009;38,155146;38,2;15108,3;168,0;13,0;184,0
2017-10-06;08:08:24;7322;20,484093;38,154992;38,2;15126,8;170,0;12,4;176,0
2017-10-06;08:08:28;7326;20,484098;38,154960;38,2;15130,7;170,0;3,7;0,0
2017-10-06;08:08:30;7328;20,484092;38,154944;38,0;15132,3;170,0;0,0;0,0
